date,city,congestion_level
2026-05-17,Agra,0.53
2026-05-18,Agra,0.37
2026-05-19,Agra,0.38
2026-05-20,Agra,0.43
2026-05-21,Agra,0.5
2026-05-22,Agra,0.34
2026-05-23,Agra,0.52
2026-05-24,Agra,0.23
2026-05-17,Ahmedabad,0.47
2026-05-18,Ahmedabad,0.44
2026-05-19,Ahmedabad,0.53
2026-05-20,Ahmedabad,0.56
2026-05-21,Ahmedabad,0.52
2026-05-22,Ahmedabad,0.65
2026-05-23,Ahmedabad,0.47
2026-05-24,Ahmedabad,0.55
2026-05-17,Ahmednagar,0.48
2026-05-18,Ahmednagar,0.55
2026-05-19,Ahmednagar,0.4
2026-05-20,Ahmednagar,0.48
2026-05-21,Ahmednagar,0.48
2026-05-22,Ahmednagar,0.48
2026-05-23,Ahmednagar,0.52
2026-05-24,Ahmednagar,0.52
2026-05-17,Akola,0.4
2026-05-18,Akola,0.45
2026-05-19,Akola,0.43
2026-05-20,Akola,0.6
2026-05-21,Akola,0.55
2026-05-22,Akola,0.57
2026-05-23,Akola,0.47
2026-05-24,Akola,0.41
2026-05-17,Aligarh,0.59
2026-05-18,Aligarh,0.32
2026-05-19,Aligarh,0.58
2026-05-20,Aligarh,0.56
2026-05-21,Aligarh,0.57
2026-05-22,Aligarh,0.57
2026-05-23,Aligarh,0.48
2026-05-24,Aligarh,0.51
2026-05-17,Allahabad,0.39
2026-05-18,Allahabad,0.25
2026-05-19,Allahabad,0.37
2026-05-20,Allahabad,0.51
2026-05-21,Allahabad,0.47
2026-05-22,Allahabad,0.41
2026-05-23,Allahabad,0.37
2026-05-24,Allahabad,0.33
2026-05-17,Alwar,0.45
2026-05-18,Alwar,0.53
2026-05-19,Alwar,0.47
2026-05-20,Alwar,0.47
2026-05-21,Alwar,0.66
2026-05-22,Alwar,0.48
2026-05-23,Alwar,0.4
2026-05-24,Alwar,0.33
2026-05-17,Amravati,0.73
2026-05-18,Amravati,0.57
2026-05-19,Amravati,0.49
2026-05-20,Amravati,0.56
2026-05-21,Amravati,0.39
2026-05-22,Amravati,0.41
2026-05-23,Amravati,0.46
2026-05-24,Amravati,0.4
2026-05-17,Amritsar,0.33
2026-05-18,Amritsar,0.56
2026-05-19,Amritsar,0.25
2026-05-20,Amritsar,0.33
2026-05-21,Amritsar,0.43
2026-05-22,Amritsar,0.33
2026-05-23,Amritsar,0.37
2026-05-24,Amritsar,0.25
2026-05-17,Anantapur,0.36
2026-05-18,Anantapur,0.52
2026-05-19,Anantapur,0.66
2026-05-20,Anantapur,0.57
2026-05-21,Anantapur,0.57
2026-05-22,Anantapur,0.79
2026-05-23,Anantapur,0.38
2026-05-24,Anantapur,0.34
2026-05-17,Arrah,0.62
2026-05-18,Arrah,0.58
2026-05-19,Arrah,0.34
2026-05-20,Arrah,0.6
2026-05-21,Arrah,0.38
2026-05-22,Arrah,0.52
2026-05-23,Arrah,0.47
2026-05-24,Arrah,0.44
2026-05-17,Asansol,0.49
2026-05-18,Asansol,0.49
2026-05-19,Asansol,0.65
2026-05-20,Asansol,0.58
2026-05-21,Asansol,0.48
2026-05-22,Asansol,0.55
2026-05-23,Asansol,0.36
2026-05-24,Asansol,0.46
2026-05-17,Aurangabad,0.45
2026-05-18,Aurangabad,0.44
2026-05-19,Aurangabad,0.69
2026-05-20,Aurangabad,0.56
2026-05-21,Aurangabad,0.48
2026-05-22,Aurangabad,0.49
2026-05-23,Aurangabad,0.53
2026-05-24,Aurangabad,0.47
2026-05-17,Avadi,0.58
2026-05-18,Avadi,0.44
2026-05-19,Avadi,0.55
2026-05-20,Avadi,0.42
2026-05-21,Avadi,0.39
2026-05-22,Avadi,0.64
2026-05-23,Avadi,0.43
2026-05-24,Avadi,0.51
2026-05-17,Bangalore,0.75
2026-05-18,Bangalore,0.86
2026-05-19,Bangalore,0.73
2026-05-20,Bangalore,0.81
2026-05-21,Bangalore,0.72
2026-05-22,Bangalore,0.88
2026-05-23,Bangalore,0.78
2026-05-24,Bangalore,0.68
2026-05-17,Barasat,0.57
2026-05-18,Barasat,0.51
2026-05-19,Barasat,0.56
2026-05-20,Barasat,0.64
2026-05-21,Barasat,0.51
2026-05-22,Barasat,0.49
2026-05-23,Barasat,0.3
2026-05-24,Barasat,0.56
2026-05-17,Bardhaman,0.43
2026-05-18,Bardhaman,0.39
2026-05-19,Bardhaman,0.51
2026-05-20,Bardhaman,0.56
2026-05-21,Bardhaman,0.46
2026-05-22,Bardhaman,0.59
2026-05-23,Bardhaman,0.4
2026-05-24,Bardhaman,0.36
2026-05-17,Bareilly,0.43
2026-05-18,Bareilly,0.56
2026-05-19,Bareilly,0.54
2026-05-20,Bareilly,0.41
2026-05-21,Bareilly,0.52
2026-05-22,Bareilly,0.53
2026-05-23,Bareilly,0.59
2026-05-24,Bareilly,0.58
2026-05-17,Bathinda,0.56
2026-05-18,Bathinda,0.52
2026-05-19,Bathinda,0.64
2026-05-20,Bathinda,0.49
2026-05-21,Bathinda,0.48
2026-05-22,Bathinda,0.45
2026-05-23,Bathinda,0.38
2026-05-24,Bathinda,0.41
2026-05-17,Begusarai,0.62
2026-05-18,Begusarai,0.35
2026-05-19,Begusarai,0.6
2026-05-20,Begusarai,0.4
2026-05-21,Begusarai,0.54
2026-05-22,Begusarai,0.69
2026-05-23,Begusarai,0.4
2026-05-24,Begusarai,0.42
2026-05-17,Belgaum,0.48
2026-05-18,Belgaum,0.63
2026-05-19,Belgaum,0.73
2026-05-20,Belgaum,0.41
2026-05-21,Belgaum,0.38
2026-05-22,Belgaum,0.46
2026-05-23,Belgaum,0.53
2026-05-24,Belgaum,0.4
2026-05-17,Bellary,0.48
2026-05-18,Bellary,0.4
2026-05-19,Bellary,0.6
2026-05-20,Bellary,0.49
2026-05-21,Bellary,0.56
2026-05-22,Bellary,0.51
2026-05-23,Bellary,0.64
2026-05-24,Bellary,0.5
2026-05-17,Bhagalpur,0.51
2026-05-18,Bhagalpur,0.53
2026-05-19,Bhagalpur,0.66
2026-05-20,Bhagalpur,0.48
2026-05-21,Bhagalpur,0.34
2026-05-22,Bhagalpur,0.52
2026-05-23,Bhagalpur,0.47
2026-05-24,Bhagalpur,0.42
2026-05-17,Bharatpur,0.44
2026-05-18,Bharatpur,0.56
2026-05-19,Bharatpur,0.41
2026-05-20,Bharatpur,0.49
2026-05-21,Bharatpur,0.52
2026-05-22,Bharatpur,0.61
2026-05-23,Bharatpur,0.43
2026-05-24,Bharatpur,0.4
2026-05-17,Bhilwara,0.55
2026-05-18,Bhilwara,0.47
2026-05-19,Bhilwara,0.51
2026-05-20,Bhilwara,0.55
2026-05-21,Bhilwara,0.52
2026-05-22,Bhilwara,0.64
2026-05-23,Bhilwara,0.46
2026-05-24,Bhilwara,0.44
2026-05-17,Bhopal,0.45
2026-05-18,Bhopal,0.38
2026-05-19,Bhopal,0.64
2026-05-20,Bhopal,0.58
2026-05-21,Bhopal,0.64
2026-05-22,Bhopal,0.49
2026-05-23,Bhopal,0.45
2026-05-24,Bhopal,0.46
2026-05-17,Bhubaneswar,0.57
2026-05-18,Bhubaneswar,0.52
2026-05-19,Bhubaneswar,0.33
2026-05-20,Bhubaneswar,0.51
2026-05-21,Bhubaneswar,0.59
2026-05-22,Bhubaneswar,0.5
2026-05-23,Bhubaneswar,0.38
2026-05-24,Bhubaneswar,0.44
2026-05-17,Bhusawal,0.66
2026-05-18,Bhusawal,0.45
2026-05-19,Bhusawal,0.57
2026-05-20,Bhusawal,0.75
2026-05-21,Bhusawal,0.58
2026-05-22,Bhusawal,0.48
2026-05-23,Bhusawal,0.46
2026-05-24,Bhusawal,0.41
2026-05-17,Bidar,0.65
2026-05-18,Bidar,0.61
2026-05-19,Bidar,0.61
2026-05-20,Bidar,0.44
2026-05-21,Bidar,0.73
2026-05-22,Bidar,0.76
2026-05-23,Bidar,0.61
2026-05-24,Bidar,0.59
2026-05-17,Bijapur,0.59
2026-05-18,Bijapur,0.5
2026-05-19,Bijapur,0.51
2026-05-20,Bijapur,0.45
2026-05-21,Bijapur,0.55
2026-05-22,Bijapur,0.58
2026-05-23,Bijapur,0.4
2026-05-24,Bijapur,0.45
2026-05-17,Bilaspur,0.38
2026-05-18,Bilaspur,0.46
2026-05-19,Bilaspur,0.61
2026-05-20,Bilaspur,0.61
2026-05-21,Bilaspur,0.46
2026-05-22,Bilaspur,0.4
2026-05-23,Bilaspur,0.37
2026-05-24,Bilaspur,0.43
2026-05-17,Bokaro Steel City,0.33
2026-05-18,Bokaro Steel City,0.76
2026-05-19,Bokaro Steel City,0.44
2026-05-20,Bokaro Steel City,0.44
2026-05-21,Bokaro Steel City,0.5
2026-05-22,Bokaro Steel City,0.58
2026-05-23,Bokaro Steel City,0.52
2026-05-24,Bokaro Steel City,0.48
2026-05-17,Chandigarh,0.41
2026-05-18,Chandigarh,0.47
2026-05-19,Chandigarh,0.47
2026-05-20,Chandigarh,0.5
2026-05-21,Chandigarh,0.43
2026-05-22,Chandigarh,0.73
2026-05-23,Chandigarh,0.44
2026-05-24,Chandigarh,0.43
2026-05-17,Chandrapur,0.46
2026-05-18,Chandrapur,0.4
2026-05-19,Chandrapur,0.46
2026-05-20,Chandrapur,0.43
2026-05-21,Chandrapur,0.66
2026-05-22,Chandrapur,0.57
2026-05-23,Chandrapur,0.41
2026-05-24,Chandrapur,0.43
2026-05-17,Chennai,0.55
2026-05-18,Chennai,0.94
2026-05-19,Chennai,0.67
2026-05-20,Chennai,0.77
2026-05-21,Chennai,0.69
2026-05-22,Chennai,0.69
2026-05-23,Chennai,0.72
2026-05-24,Chennai,0.67
2026-05-17,Chikkaballapur,0.44
2026-05-18,Chikkaballapur,0.49
2026-05-19,Chikkaballapur,0.72
2026-05-20,Chikkaballapur,0.53
2026-05-21,Chikkaballapur,0.67
2026-05-22,Chikkaballapur,0.65
2026-05-23,Chikkaballapur,0.71
2026-05-24,Chikkaballapur,0.48
2026-05-17,Chitradurga,0.37
2026-05-18,Chitradurga,0.34
2026-05-19,Chitradurga,0.56
2026-05-20,Chitradurga,0.61
2026-05-21,Chitradurga,0.69
2026-05-22,Chitradurga,0.58
2026-05-23,Chitradurga,0.51
2026-05-24,Chitradurga,0.44
2026-05-17,Coimbatore,0.44
2026-05-18,Coimbatore,0.61
2026-05-19,Coimbatore,0.63
2026-05-20,Coimbatore,0.44
2026-05-21,Coimbatore,0.54
2026-05-22,Coimbatore,0.57
2026-05-23,Coimbatore,0.46
2026-05-24,Coimbatore,0.6
2026-05-17,Darbhanga,0.4
2026-05-18,Darbhanga,0.52
2026-05-19,Darbhanga,0.68
2026-05-20,Darbhanga,0.55
2026-05-21,Darbhanga,0.35
2026-05-22,Darbhanga,0.55
2026-05-23,Darbhanga,0.33
2026-05-24,Darbhanga,0.48
2026-05-17,Davangere,0.44
2026-05-18,Davangere,0.42
2026-05-19,Davangere,0.58
2026-05-20,Davangere,0.42
2026-05-21,Davangere,0.45
2026-05-22,Davangere,0.51
2026-05-23,Davangere,0.45
2026-05-24,Davangere,0.48
2026-05-17,Dehradun,0.38
2026-05-18,Dehradun,0.52
2026-05-19,Dehradun,0.5
2026-05-20,Dehradun,0.71
2026-05-21,Dehradun,0.44
2026-05-22,Dehradun,0.43
2026-05-23,Dehradun,0.55
2026-05-24,Dehradun,0.43
2026-05-17,Delhi,0.79
2026-05-18,Delhi,0.78
2026-05-19,Delhi,0.93
2026-05-20,Delhi,0.93
2026-05-21,Delhi,0.78
2026-05-22,Delhi,0.95
2026-05-23,Delhi,0.73
2026-05-24,Delhi,0.81
2026-05-17,Dewas,0.55
2026-05-18,Dewas,0.76
2026-05-19,Dewas,0.6
2026-05-20,Dewas,0.47
2026-05-21,Dewas,0.46
2026-05-22,Dewas,0.67
2026-05-23,Dewas,0.41
2026-05-24,Dewas,0.53
2026-05-17,Dhanbad,0.44
2026-05-18,Dhanbad,0.56
2026-05-19,Dhanbad,0.53
2026-05-20,Dhanbad,0.4
2026-05-21,Dhanbad,0.35
2026-05-22,Dhanbad,0.56
2026-05-23,Dhanbad,0.47
2026-05-24,Dhanbad,0.51
2026-05-17,Dharmapuri,0.5
2026-05-18,Dharmapuri,0.57
2026-05-19,Dharmapuri,0.56
2026-05-20,Dharmapuri,0.47
2026-05-21,Dharmapuri,0.55
2026-05-22,Dharmapuri,0.48
2026-05-23,Dharmapuri,0.42
2026-05-24,Dharmapuri,0.51
2026-05-17,Dhule,0.45
2026-05-18,Dhule,0.45
2026-05-19,Dhule,0.38
2026-05-20,Dhule,0.59
2026-05-21,Dhule,0.48
2026-05-22,Dhule,0.57
2026-05-23,Dhule,0.47
2026-05-24,Dhule,0.49
2026-05-17,Dindigul,0.42
2026-05-18,Dindigul,0.73
2026-05-19,Dindigul,0.49
2026-05-20,Dindigul,0.65
2026-05-21,Dindigul,0.65
2026-05-22,Dindigul,0.45
2026-05-23,Dindigul,0.5
2026-05-24,Dindigul,0.39
2026-05-17,Durg,0.52
2026-05-18,Durg,0.4
2026-05-19,Durg,0.58
2026-05-20,Durg,0.54
2026-05-21,Durg,0.58
2026-05-22,Durg,0.49
2026-05-23,Durg,0.61
2026-05-24,Durg,0.37
2026-05-17,Eluru,0.37
2026-05-18,Eluru,0.39
2026-05-19,Eluru,0.37
2026-05-20,Eluru,0.42
2026-05-21,Eluru,0.49
2026-05-22,Eluru,0.57
2026-05-23,Eluru,0.38
2026-05-24,Eluru,0.41
2026-05-17,Erode,0.35
2026-05-18,Erode,0.71
2026-05-19,Erode,0.58
2026-05-20,Erode,0.65
2026-05-21,Erode,0.56
2026-05-22,Erode,0.56
2026-05-23,Erode,0.49
2026-05-24,Erode,0.45
2026-05-17,Etawah,0.43
2026-05-18,Etawah,0.43
2026-05-19,Etawah,0.37
2026-05-20,Etawah,0.24
2026-05-21,Etawah,0.54
2026-05-22,Etawah,0.5
2026-05-23,Etawah,0.38
2026-05-24,Etawah,0.43
2026-05-17,Faridabad,0.39
2026-05-18,Faridabad,0.48
2026-05-19,Faridabad,0.51
2026-05-20,Faridabad,0.44
2026-05-21,Faridabad,0.37
2026-05-22,Faridabad,0.64
2026-05-23,Faridabad,0.41
2026-05-24,Faridabad,0.35
2026-05-17,Farrukhabad,0.49
2026-05-18,Farrukhabad,0.5
2026-05-19,Farrukhabad,0.57
2026-05-20,Farrukhabad,0.61
2026-05-21,Farrukhabad,0.48
2026-05-22,Farrukhabad,0.58
2026-05-23,Farrukhabad,0.63
2026-05-24,Farrukhabad,0.4
2026-05-17,Gandhinagar,0.35
2026-05-18,Gandhinagar,0.48
2026-05-19,Gandhinagar,0.54
2026-05-20,Gandhinagar,0.32
2026-05-21,Gandhinagar,0.56
2026-05-22,Gandhinagar,0.45
2026-05-23,Gandhinagar,0.38
2026-05-24,Gandhinagar,0.31
2026-05-17,Ghaziabad,0.34
2026-05-18,Ghaziabad,0.45
2026-05-19,Ghaziabad,0.38
2026-05-20,Ghaziabad,0.35
2026-05-21,Ghaziabad,0.52
2026-05-22,Ghaziabad,0.36
2026-05-23,Ghaziabad,0.48
2026-05-24,Ghaziabad,0.35
2026-05-17,Gorakhpur,0.41
2026-05-18,Gorakhpur,0.53
2026-05-19,Gorakhpur,0.65
2026-05-20,Gorakhpur,0.49
2026-05-21,Gorakhpur,0.48
2026-05-22,Gorakhpur,0.39
2026-05-23,Gorakhpur,0.42
2026-05-24,Gorakhpur,0.55
2026-05-17,Greater Noida,0.44
2026-05-18,Greater Noida,0.55
2026-05-19,Greater Noida,0.43
2026-05-20,Greater Noida,0.6
2026-05-21,Greater Noida,0.48
2026-05-22,Greater Noida,0.62
2026-05-23,Greater Noida,0.52
2026-05-24,Greater Noida,0.43
2026-05-17,Gulbarga,0.43
2026-05-18,Gulbarga,0.43
2026-05-19,Gulbarga,0.53
2026-05-20,Gulbarga,0.4
2026-05-21,Gulbarga,0.48
2026-05-22,Gulbarga,0.55
2026-05-23,Gulbarga,0.49
2026-05-24,Gulbarga,0.63
2026-05-17,Gurgaon,0.41
2026-05-18,Gurgaon,0.47
2026-05-19,Gurgaon,0.5
2026-05-20,Gurgaon,0.71
2026-05-21,Gurgaon,0.4
2026-05-22,Gurgaon,0.48
2026-05-23,Gurgaon,0.47
2026-05-24,Gurgaon,0.57
2026-05-17,Guwahati,0.5
2026-05-18,Guwahati,0.87
2026-05-19,Guwahati,0.44
2026-05-20,Guwahati,0.52
2026-05-21,Guwahati,0.44
2026-05-22,Guwahati,0.5
2026-05-23,Guwahati,0.48
2026-05-24,Guwahati,0.38
2026-05-17,Gwalior,0.36
2026-05-18,Gwalior,0.53
2026-05-19,Gwalior,0.69
2026-05-20,Gwalior,0.58
2026-05-21,Gwalior,0.54
2026-05-22,Gwalior,0.43
2026-05-23,Gwalior,0.53
2026-05-24,Gwalior,0.32
2026-05-17,Hapur,0.35
2026-05-18,Hapur,0.58
2026-05-19,Hapur,0.56
2026-05-20,Hapur,0.46
2026-05-21,Hapur,0.55
2026-05-22,Hapur,0.51
2026-05-23,Hapur,0.57
2026-05-24,Hapur,0.51
2026-05-17,Hassan,0.47
2026-05-18,Hassan,0.45
2026-05-19,Hassan,0.55
2026-05-20,Hassan,0.46
2026-05-21,Hassan,0.59
2026-05-22,Hassan,0.62
2026-05-23,Hassan,0.48
2026-05-24,Hassan,0.56
2026-05-17,Hospet,0.49
2026-05-18,Hospet,0.59
2026-05-19,Hospet,0.62
2026-05-20,Hospet,0.7
2026-05-21,Hospet,0.59
2026-05-22,Hospet,0.6
2026-05-23,Hospet,0.63
2026-05-24,Hospet,0.44
2026-05-17,Hosur,0.42
2026-05-18,Hosur,0.51
2026-05-19,Hosur,0.53
2026-05-20,Hosur,0.7
2026-05-21,Hosur,0.63
2026-05-22,Hosur,0.57
2026-05-23,Hosur,0.31
2026-05-24,Hosur,0.55
2026-05-17,Hubli,0.52
2026-05-18,Hubli,0.5
2026-05-19,Hubli,0.83
2026-05-20,Hubli,0.53
2026-05-21,Hubli,0.47
2026-05-22,Hubli,0.53
2026-05-23,Hubli,0.66
2026-05-24,Hubli,0.49
2026-05-17,Hyderabad,0.57
2026-05-18,Hyderabad,0.7
2026-05-19,Hyderabad,0.68
2026-05-20,Hyderabad,0.68
2026-05-21,Hyderabad,0.6
2026-05-22,Hyderabad,0.58
2026-05-23,Hyderabad,0.57
2026-05-24,Hyderabad,0.66
2026-05-17,Ichalkaranji,0.51
2026-05-18,Ichalkaranji,0.34
2026-05-19,Ichalkaranji,0.32
2026-05-20,Ichalkaranji,0.5
2026-05-21,Ichalkaranji,0.55
2026-05-22,Ichalkaranji,0.71
2026-05-23,Ichalkaranji,0.46
2026-05-24,Ichalkaranji,0.49
2026-05-17,Imphal,0.38
2026-05-18,Imphal,0.55
2026-05-19,Imphal,0.48
2026-05-20,Imphal,0.66
2026-05-21,Imphal,0.43
2026-05-22,Imphal,0.6
2026-05-23,Imphal,0.45
2026-05-24,Imphal,0.34
2026-05-17,Indore,0.51
2026-05-18,Indore,0.83
2026-05-19,Indore,0.47
2026-05-20,Indore,0.54
2026-05-21,Indore,0.75
2026-05-22,Indore,0.5
2026-05-23,Indore,0.47
2026-05-24,Indore,0.43
2026-05-17,Jabalpur,0.46
2026-05-18,Jabalpur,0.48
2026-05-19,Jabalpur,0.48
2026-05-20,Jabalpur,0.47
2026-05-21,Jabalpur,0.48
2026-05-22,Jabalpur,0.74
2026-05-23,Jabalpur,0.46
2026-05-24,Jabalpur,0.59
2026-05-17,Jaipur,0.39
2026-05-18,Jaipur,0.56
2026-05-19,Jaipur,0.5
2026-05-20,Jaipur,0.46
2026-05-21,Jaipur,0.65
2026-05-22,Jaipur,0.64
2026-05-23,Jaipur,0.56
2026-05-24,Jaipur,0.52
2026-05-17,Jalandhar,0.4
2026-05-18,Jalandhar,0.65
2026-05-19,Jalandhar,0.68
2026-05-20,Jalandhar,0.48
2026-05-21,Jalandhar,0.4
2026-05-22,Jalandhar,0.68
2026-05-23,Jalandhar,0.47
2026-05-24,Jalandhar,0.37
2026-05-17,Jalgaon,0.45
2026-05-18,Jalgaon,0.49
2026-05-19,Jalgaon,0.6
2026-05-20,Jalgaon,0.39
2026-05-21,Jalgaon,0.55
2026-05-22,Jalgaon,0.39
2026-05-23,Jalgaon,0.42
2026-05-24,Jalgaon,0.59
2026-05-17,Jalna,0.43
2026-05-18,Jalna,0.47
2026-05-19,Jalna,0.72
2026-05-20,Jalna,0.37
2026-05-21,Jalna,0.64
2026-05-22,Jalna,0.45
2026-05-23,Jalna,0.44
2026-05-24,Jalna,0.46
2026-05-17,Jamshedpur,0.57
2026-05-18,Jamshedpur,0.56
2026-05-19,Jamshedpur,0.53
2026-05-20,Jamshedpur,0.74
2026-05-21,Jamshedpur,0.52
2026-05-22,Jamshedpur,0.4
2026-05-23,Jamshedpur,0.49
2026-05-24,Jamshedpur,0.54
2026-05-17,Junagadh,0.34
2026-05-18,Junagadh,0.75
2026-05-19,Junagadh,0.54
2026-05-20,Junagadh,0.63
2026-05-21,Junagadh,0.46
2026-05-22,Junagadh,0.54
2026-05-23,Junagadh,0.37
2026-05-24,Junagadh,0.48
2026-05-17,Kadapa,0.44
2026-05-18,Kadapa,0.58
2026-05-19,Kadapa,0.56
2026-05-20,Kadapa,0.5
2026-05-21,Kadapa,0.51
2026-05-22,Kadapa,0.49
2026-05-23,Kadapa,0.37
2026-05-24,Kadapa,0.57
2026-05-17,Kalyan,0.59
2026-05-18,Kalyan,0.58
2026-05-19,Kalyan,0.41
2026-05-20,Kalyan,0.45
2026-05-21,Kalyan,0.54
2026-05-22,Kalyan,0.51
2026-05-23,Kalyan,0.37
2026-05-24,Kalyan,0.5
2026-05-17,Kanpur,0.76
2026-05-18,Kanpur,0.51
2026-05-19,Kanpur,0.64
2026-05-20,Kanpur,0.57
2026-05-21,Kanpur,0.59
2026-05-22,Kanpur,0.73
2026-05-23,Kanpur,0.5
2026-05-24,Kanpur,0.61
2026-05-17,Kanyakumari,0.47
2026-05-18,Kanyakumari,0.67
2026-05-19,Kanyakumari,0.53
2026-05-20,Kanyakumari,0.49
2026-05-21,Kanyakumari,0.39
2026-05-22,Kanyakumari,0.52
2026-05-23,Kanyakumari,0.45
2026-05-24,Kanyakumari,0.49
2026-05-17,Karimnagar,0.43
2026-05-18,Karimnagar,0.58
2026-05-19,Karimnagar,0.66
2026-05-20,Karimnagar,0.58
2026-05-21,Karimnagar,0.54
2026-05-22,Karimnagar,0.69
2026-05-23,Karimnagar,0.47
2026-05-24,Karimnagar,0.61
2026-05-17,Karnal,0.47
2026-05-18,Karnal,0.54
2026-05-19,Karnal,0.45
2026-05-20,Karnal,0.44
2026-05-21,Karnal,0.61
2026-05-22,Karnal,0.51
2026-05-23,Karnal,0.39
2026-05-24,Karnal,0.62
2026-05-17,Karur,0.44
2026-05-18,Karur,0.48
2026-05-19,Karur,0.37
2026-05-20,Karur,0.47
2026-05-21,Karur,0.58
2026-05-22,Karur,0.6
2026-05-23,Karur,0.39
2026-05-24,Karur,0.44
2026-05-17,Khammam,0.36
2026-05-18,Khammam,0.59
2026-05-19,Khammam,0.54
2026-05-20,Khammam,0.6
2026-05-21,Khammam,0.47
2026-05-22,Khammam,0.51
2026-05-23,Khammam,0.55
2026-05-24,Khammam,0.5
2026-05-17,Kochi,0.48
2026-05-18,Kochi,0.51
2026-05-19,Kochi,0.54
2026-05-20,Kochi,0.58
2026-05-21,Kochi,0.41
2026-05-22,Kochi,0.53
2026-05-23,Kochi,0.53
2026-05-24,Kochi,0.67
2026-05-17,Kolar,0.45
2026-05-18,Kolar,0.59
2026-05-19,Kolar,0.61
2026-05-20,Kolar,0.57
2026-05-21,Kolar,0.45
2026-05-22,Kolar,0.52
2026-05-23,Kolar,0.45
2026-05-24,Kolar,0.5
2026-05-17,Kolhapur,0.43
2026-05-18,Kolhapur,0.56
2026-05-19,Kolhapur,0.38
2026-05-20,Kolhapur,0.56
2026-05-21,Kolhapur,0.53
2026-05-22,Kolhapur,0.45
2026-05-23,Kolhapur,0.49
2026-05-24,Kolhapur,0.41
2026-05-17,Kolkata,0.72
2026-05-18,Kolkata,0.81
2026-05-19,Kolkata,0.88
2026-05-20,Kolkata,0.67
2026-05-21,Kolkata,0.75
2026-05-22,Kolkata,0.53
2026-05-23,Kolkata,0.62
2026-05-24,Kolkata,0.63
2026-05-17,Kollam,0.45
2026-05-18,Kollam,0.46
2026-05-19,Kollam,0.5
2026-05-20,Kollam,0.53
2026-05-21,Kollam,0.53
2026-05-22,Kollam,0.39
2026-05-23,Kollam,0.43
2026-05-24,Kollam,0.42
2026-05-17,Korba,0.51
2026-05-18,Korba,0.59
2026-05-19,Korba,0.68
2026-05-20,Korba,0.51
2026-05-21,Korba,0.47
2026-05-22,Korba,0.45
2026-05-23,Korba,0.44
2026-05-24,Korba,0.46
2026-05-17,Kozhikode,0.35
2026-05-18,Kozhikode,0.53
2026-05-19,Kozhikode,0.55
2026-05-20,Kozhikode,0.53
2026-05-21,Kozhikode,0.56
2026-05-22,Kozhikode,0.49
2026-05-23,Kozhikode,0.44
2026-05-24,Kozhikode,0.5
2026-05-17,Krishnagiri,0.45
2026-05-18,Krishnagiri,0.49
2026-05-19,Krishnagiri,0.37
2026-05-20,Krishnagiri,0.56
2026-05-21,Krishnagiri,0.42
2026-05-22,Krishnagiri,0.46
2026-05-23,Krishnagiri,0.41
2026-05-24,Krishnagiri,0.52
2026-05-17,Kurnool,0.41
2026-05-18,Kurnool,0.5
2026-05-19,Kurnool,0.5
2026-05-20,Kurnool,0.44
2026-05-21,Kurnool,0.48
2026-05-22,Kurnool,0.48
2026-05-23,Kurnool,0.6
2026-05-24,Kurnool,0.47
2026-05-17,Latur,0.49
2026-05-18,Latur,0.54
2026-05-19,Latur,0.5
2026-05-20,Latur,0.62
2026-05-21,Latur,0.57
2026-05-22,Latur,0.64
2026-05-23,Latur,0.41
2026-05-24,Latur,0.5
2026-05-17,Lucknow,0.57
2026-05-18,Lucknow,0.61
2026-05-19,Lucknow,0.72
2026-05-20,Lucknow,0.59
2026-05-21,Lucknow,0.58
2026-05-22,Lucknow,0.51
2026-05-23,Lucknow,0.53
2026-05-24,Lucknow,0.69
2026-05-17,Ludhiana,0.42
2026-05-18,Ludhiana,0.52
2026-05-19,Ludhiana,0.39
2026-05-20,Ludhiana,0.39
2026-05-21,Ludhiana,0.39
2026-05-22,Ludhiana,0.4
2026-05-23,Ludhiana,0.2
2026-05-24,Ludhiana,0.42
2026-05-17,Madurai,0.39
2026-05-18,Madurai,0.58
2026-05-19,Madurai,0.42
2026-05-20,Madurai,0.66
2026-05-21,Madurai,0.65
2026-05-22,Madurai,0.32
2026-05-23,Madurai,0.57
2026-05-24,Madurai,0.45
2026-05-17,Malegaon,0.41
2026-05-18,Malegaon,0.5
2026-05-19,Malegaon,0.5
2026-05-20,Malegaon,0.48
2026-05-21,Malegaon,0.66
2026-05-22,Malegaon,0.71
2026-05-23,Malegaon,0.42
2026-05-24,Malegaon,0.43
2026-05-17,Mandya,0.43
2026-05-18,Mandya,0.57
2026-05-19,Mandya,0.57
2026-05-20,Mandya,0.5
2026-05-21,Mandya,0.7
2026-05-22,Mandya,0.51
2026-05-23,Mandya,0.49
2026-05-24,Mandya,0.5
2026-05-17,Mangalore,0.45
2026-05-18,Mangalore,0.69
2026-05-19,Mangalore,0.49
2026-05-20,Mangalore,0.77
2026-05-21,Mangalore,0.51
2026-05-22,Mangalore,0.5
2026-05-23,Mangalore,0.49
2026-05-24,Mangalore,0.51
2026-05-17,Mathura,0.37
2026-05-18,Mathura,0.46
2026-05-19,Mathura,0.59
2026-05-20,Mathura,0.44
2026-05-21,Mathura,0.47
2026-05-22,Mathura,0.43
2026-05-23,Mathura,0.42
2026-05-24,Mathura,0.45
2026-05-17,Mau,0.47
2026-05-18,Mau,0.53
2026-05-19,Mau,0.71
2026-05-20,Mau,0.56
2026-05-21,Mau,0.64
2026-05-22,Mau,0.44
2026-05-23,Mau,0.46
2026-05-24,Mau,0.35
2026-05-17,Meerut,0.28
2026-05-18,Meerut,0.43
2026-05-19,Meerut,0.3
2026-05-20,Meerut,0.55
2026-05-21,Meerut,0.33
2026-05-22,Meerut,0.42
2026-05-23,Meerut,0.32
2026-05-24,Meerut,0.42
2026-05-17,Mumbai,0.73
2026-05-18,Mumbai,0.9
2026-05-19,Mumbai,0.87
2026-05-20,Mumbai,0.88
2026-05-21,Mumbai,0.92
2026-05-22,Mumbai,0.76
2026-05-23,Mumbai,0.95
2026-05-24,Mumbai,0.74
2026-05-17,Muzaffarnagar,0.41
2026-05-18,Muzaffarnagar,0.45
2026-05-19,Muzaffarnagar,0.41
2026-05-20,Muzaffarnagar,0.47
2026-05-21,Muzaffarnagar,0.7
2026-05-22,Muzaffarnagar,0.37
2026-05-23,Muzaffarnagar,0.44
2026-05-24,Muzaffarnagar,0.37
2026-05-17,Muzaffarpur,0.39
2026-05-18,Muzaffarpur,0.48
2026-05-19,Muzaffarpur,0.52
2026-05-20,Muzaffarpur,0.59
2026-05-21,Muzaffarpur,0.49
2026-05-22,Muzaffarpur,0.71
2026-05-23,Muzaffarpur,0.71
2026-05-24,Muzaffarpur,0.48
2026-05-17,Mysore,0.44
2026-05-18,Mysore,0.53
2026-05-19,Mysore,0.54
2026-05-20,Mysore,0.43
2026-05-21,Mysore,0.41
2026-05-22,Mysore,0.62
2026-05-23,Mysore,0.59
2026-05-24,Mysore,0.38
2026-05-17,Nagercoil,0.47
2026-05-18,Nagercoil,0.44
2026-05-19,Nagercoil,0.43
2026-05-20,Nagercoil,0.52
2026-05-21,Nagercoil,0.43
2026-05-22,Nagercoil,0.53
2026-05-23,Nagercoil,0.57
2026-05-24,Nagercoil,0.45
2026-05-17,Nagpur,0.43
2026-05-18,Nagpur,0.72
2026-05-19,Nagpur,0.47
2026-05-20,Nagpur,0.54
2026-05-21,Nagpur,0.5
2026-05-22,Nagpur,0.57
2026-05-23,Nagpur,0.54
2026-05-24,Nagpur,0.52
2026-05-17,Namakkal,0.5
2026-05-18,Namakkal,0.44
2026-05-19,Namakkal,0.65
2026-05-20,Namakkal,0.55
2026-05-21,Namakkal,0.53
2026-05-22,Namakkal,0.64
2026-05-23,Namakkal,0.57
2026-05-24,Namakkal,0.41
2026-05-17,Nanded,0.4
2026-05-18,Nanded,0.54
2026-05-19,Nanded,0.54
2026-05-20,Nanded,0.8
2026-05-21,Nanded,0.53
2026-05-22,Nanded,0.56
2026-05-23,Nanded,0.34
2026-05-24,Nanded,0.53
2026-05-17,Nashik,0.39
2026-05-18,Nashik,0.44
2026-05-19,Nashik,0.41
2026-05-20,Nashik,0.3
2026-05-21,Nashik,0.5
2026-05-22,Nashik,0.45
2026-05-23,Nashik,0.51
2026-05-24,Nashik,0.59
2026-05-17,Navi Mumbai,0.41
2026-05-18,Navi Mumbai,0.57
2026-05-19,Navi Mumbai,0.58
2026-05-20,Navi Mumbai,0.62
2026-05-21,Navi Mumbai,0.85
2026-05-22,Navi Mumbai,0.52
2026-05-23,Navi Mumbai,0.72
2026-05-24,Navi Mumbai,0.47
2026-05-17,Nizamabad,0.59
2026-05-18,Nizamabad,0.55
2026-05-19,Nizamabad,0.48
2026-05-20,Nizamabad,0.55
2026-05-21,Nizamabad,0.56
2026-05-22,Nizamabad,0.53
2026-05-23,Nizamabad,0.62
2026-05-24,Nizamabad,0.36
2026-05-17,Noida,0.48
2026-05-18,Noida,0.45
2026-05-19,Noida,0.5
2026-05-20,Noida,0.72
2026-05-21,Noida,0.61
2026-05-22,Noida,0.59
2026-05-23,Noida,0.45
2026-05-24,Noida,0.64
2026-05-17,Osmanabad,0.54
2026-05-18,Osmanabad,0.5
2026-05-19,Osmanabad,0.41
2026-05-20,Osmanabad,0.44
2026-05-21,Osmanabad,0.41
2026-05-22,Osmanabad,0.45
2026-05-23,Osmanabad,0.36
2026-05-24,Osmanabad,0.38
2026-05-17,Panipat,0.66
2026-05-18,Panipat,0.57
2026-05-19,Panipat,0.6
2026-05-20,Panipat,0.5
2026-05-21,Panipat,0.38
2026-05-22,Panipat,0.55
2026-05-23,Panipat,0.58
2026-05-24,Panipat,0.52
2026-05-17,Parbhani,0.38
2026-05-18,Parbhani,0.69
2026-05-19,Parbhani,0.57
2026-05-20,Parbhani,0.34
2026-05-21,Parbhani,0.54
2026-05-22,Parbhani,0.5
2026-05-23,Parbhani,0.47
2026-05-24,Parbhani,0.48
2026-05-17,Patiala,0.58
2026-05-18,Patiala,0.69
2026-05-19,Patiala,0.38
2026-05-20,Patiala,0.49
2026-05-21,Patiala,0.39
2026-05-22,Patiala,0.52
2026-05-23,Patiala,0.67
2026-05-24,Patiala,0.53
2026-05-17,Patna,0.54
2026-05-18,Patna,0.48
2026-05-19,Patna,0.73
2026-05-20,Patna,0.64
2026-05-21,Patna,0.37
2026-05-22,Patna,0.71
2026-05-23,Patna,0.47
2026-05-24,Patna,0.61
2026-05-17,Pune,0.55
2026-05-18,Pune,0.66
2026-05-19,Pune,0.72
2026-05-20,Pune,0.64
2026-05-21,Pune,0.59
2026-05-22,Pune,0.63
2026-05-23,Pune,0.56
2026-05-24,Pune,0.73
2026-05-17,Purnia,0.43
2026-05-18,Purnia,0.58
2026-05-19,Purnia,0.38
2026-05-20,Purnia,0.66
2026-05-21,Purnia,0.49
2026-05-22,Purnia,0.73
2026-05-23,Purnia,0.46
2026-05-24,Purnia,0.51
2026-05-17,Raichur,0.48
2026-05-18,Raichur,0.58
2026-05-19,Raichur,0.51
2026-05-20,Raichur,0.37
2026-05-21,Raichur,0.49
2026-05-22,Raichur,0.62
2026-05-23,Raichur,0.4
2026-05-24,Raichur,0.63
2026-05-17,Raipur,0.45
2026-05-18,Raipur,0.81
2026-05-19,Raipur,0.5
2026-05-20,Raipur,0.47
2026-05-21,Raipur,0.57
2026-05-22,Raipur,0.44
2026-05-23,Raipur,0.45
2026-05-24,Raipur,0.55
2026-05-17,Rajkot,0.39
2026-05-18,Rajkot,0.42
2026-05-19,Rajkot,0.2
2026-05-20,Rajkot,0.27
2026-05-21,Rajkot,0.36
2026-05-22,Rajkot,0.42
2026-05-23,Rajkot,0.45
2026-05-24,Rajkot,0.31
2026-05-17,Ramanagara,0.46
2026-05-18,Ramanagara,0.44
2026-05-19,Ramanagara,0.5
2026-05-20,Ramanagara,0.47
2026-05-21,Ramanagara,0.5
2026-05-22,Ramanagara,0.72
2026-05-23,Ramanagara,0.4
2026-05-24,Ramanagara,0.49
2026-05-17,Rampur,0.45
2026-05-18,Rampur,0.65
2026-05-19,Rampur,0.43
2026-05-20,Rampur,0.51
2026-05-21,Rampur,0.46
2026-05-22,Rampur,0.56
2026-05-23,Rampur,0.46
2026-05-24,Rampur,0.48
2026-05-17,Ratlam,0.44
2026-05-18,Ratlam,0.4
2026-05-19,Ratlam,0.56
2026-05-20,Ratlam,0.66
2026-05-21,Ratlam,0.25
2026-05-22,Ratlam,0.63
2026-05-23,Ratlam,0.5
2026-05-24,Ratlam,0.54
2026-05-17,Rohtak,0.57
2026-05-18,Rohtak,0.53
2026-05-19,Rohtak,0.33
2026-05-20,Rohtak,0.72
2026-05-21,Rohtak,0.54
2026-05-22,Rohtak,0.48
2026-05-23,Rohtak,0.45
2026-05-24,Rohtak,0.55
2026-05-17,Rourkela,0.53
2026-05-18,Rourkela,0.53
2026-05-19,Rourkela,0.59
2026-05-20,Rourkela,0.33
2026-05-21,Rourkela,0.5
2026-05-22,Rourkela,0.43
2026-05-23,Rourkela,0.39
2026-05-24,Rourkela,0.43
2026-05-17,Sagar,0.48
2026-05-18,Sagar,0.48
2026-05-19,Sagar,0.64
2026-05-20,Sagar,0.44
2026-05-21,Sagar,0.56
2026-05-22,Sagar,0.39
2026-05-23,Sagar,0.4
2026-05-24,Sagar,0.46
2026-05-17,Salem,0.39
2026-05-18,Salem,0.56
2026-05-19,Salem,0.64
2026-05-20,Salem,0.64
2026-05-21,Salem,0.4
2026-05-22,Salem,0.52
2026-05-23,Salem,0.46
2026-05-24,Salem,0.6
2026-05-17,Sambalpur,0.47
2026-05-18,Sambalpur,0.39
2026-05-19,Sambalpur,0.49
2026-05-20,Sambalpur,0.42
2026-05-21,Sambalpur,0.58
2026-05-22,Sambalpur,0.47
2026-05-23,Sambalpur,0.52
2026-05-24,Sambalpur,0.52
2026-05-17,Sangli,0.47
2026-05-18,Sangli,0.48
2026-05-19,Sangli,0.45
2026-05-20,Sangli,0.42
2026-05-21,Sangli,0.62
2026-05-22,Sangli,0.72
2026-05-23,Sangli,0.49
2026-05-24,Sangli,0.56
2026-05-17,Satara,0.44
2026-05-18,Satara,0.47
2026-05-19,Satara,0.48
2026-05-20,Satara,0.47
2026-05-21,Satara,0.81
2026-05-22,Satara,0.47
2026-05-23,Satara,0.43
2026-05-24,Satara,0.39
2026-05-17,Satna,0.51
2026-05-18,Satna,0.59
2026-05-19,Satna,0.53
2026-05-20,Satna,0.56
2026-05-21,Satna,0.72
2026-05-22,Satna,0.39
2026-05-23,Satna,0.71
2026-05-24,Satna,0.48
2026-05-17,Shahjahanpur,0.47
2026-05-18,Shahjahanpur,0.42
2026-05-19,Shahjahanpur,0.37
2026-05-20,Shahjahanpur,0.64
2026-05-21,Shahjahanpur,0.59
2026-05-22,Shahjahanpur,0.71
2026-05-23,Shahjahanpur,0.44
2026-05-24,Shahjahanpur,0.57
2026-05-17,Shivamogga,0.44
2026-05-18,Shivamogga,0.64
2026-05-19,Shivamogga,0.42
2026-05-20,Shivamogga,0.43
2026-05-21,Shivamogga,0.6
2026-05-22,Shivamogga,0.41
2026-05-23,Shivamogga,0.43
2026-05-24,Shivamogga,0.43
2026-05-17,Sivakasi,0.46
2026-05-18,Sivakasi,0.45
2026-05-19,Sivakasi,0.45
2026-05-20,Sivakasi,0.43
2026-05-21,Sivakasi,0.55
2026-05-22,Sivakasi,0.47
2026-05-23,Sivakasi,0.51
2026-05-24,Sivakasi,0.53
2026-05-17,Solapur,0.52
2026-05-18,Solapur,0.42
2026-05-19,Solapur,0.4
2026-05-20,Solapur,0.54
2026-05-21,Solapur,0.55
2026-05-22,Solapur,0.47
2026-05-23,Solapur,0.46
2026-05-24,Solapur,0.35
2026-05-17,Sonipat,0.48
2026-05-18,Sonipat,0.48
2026-05-19,Sonipat,0.44
2026-05-20,Sonipat,0.59
2026-05-21,Sonipat,0.37
2026-05-22,Sonipat,0.51
2026-05-23,Sonipat,0.42
2026-05-24,Sonipat,0.46
2026-05-17,Srinagar,0.35
2026-05-18,Srinagar,0.47
2026-05-19,Srinagar,0.35
2026-05-20,Srinagar,0.35
2026-05-21,Srinagar,0.46
2026-05-22,Srinagar,0.4
2026-05-23,Srinagar,0.24
2026-05-24,Srinagar,0.39
2026-05-17,Surat,0.5
2026-05-18,Surat,0.58
2026-05-19,Surat,0.69
2026-05-20,Surat,0.67
2026-05-21,Surat,0.76
2026-05-22,Surat,0.42
2026-05-23,Surat,0.67
2026-05-24,Surat,0.58
2026-05-17,Thane,0.56
2026-05-18,Thane,0.67
2026-05-19,Thane,0.64
2026-05-20,Thane,0.77
2026-05-21,Thane,0.54
2026-05-22,Thane,0.78
2026-05-23,Thane,0.38
2026-05-24,Thane,0.64
2026-05-17,Theni,0.41
2026-05-18,Theni,0.7
2026-05-19,Theni,0.56
2026-05-20,Theni,0.4
2026-05-21,Theni,0.49
2026-05-22,Theni,0.4
2026-05-23,Theni,0.4
2026-05-24,Theni,0.69
2026-05-17,Thiruvananthapuram,0.44
2026-05-18,Thiruvananthapuram,0.52
2026-05-19,Thiruvananthapuram,0.58
2026-05-20,Thiruvananthapuram,0.67
2026-05-21,Thiruvananthapuram,0.53
2026-05-22,Thiruvananthapuram,0.53
2026-05-23,Thiruvananthapuram,0.46
2026-05-24,Thiruvananthapuram,0.43
2026-05-17,Thoothukudi,0.35
2026-05-18,Thoothukudi,0.65
2026-05-19,Thoothukudi,0.63
2026-05-20,Thoothukudi,0.41
2026-05-21,Thoothukudi,0.52
2026-05-22,Thoothukudi,0.46
2026-05-23,Thoothukudi,0.6
2026-05-24,Thoothukudi,0.5
2026-05-17,Thrissur,0.39
2026-05-18,Thrissur,0.44
2026-05-19,Thrissur,0.68
2026-05-20,Thrissur,0.53
2026-05-21,Thrissur,0.4
2026-05-22,Thrissur,0.64
2026-05-23,Thrissur,0.56
2026-05-24,Thrissur,0.44
2026-05-17,Tiruchirappalli,0.51
2026-05-18,Tiruchirappalli,0.49
2026-05-19,Tiruchirappalli,0.62
2026-05-20,Tiruchirappalli,0.67
2026-05-21,Tiruchirappalli,0.57
2026-05-22,Tiruchirappalli,0.53
2026-05-23,Tiruchirappalli,0.41
2026-05-24,Tiruchirappalli,0.5
2026-05-17,Tirunelveli,0.44
2026-05-18,Tirunelveli,0.63
2026-05-19,Tirunelveli,0.44
2026-05-20,Tirunelveli,0.5
2026-05-21,Tirunelveli,0.6
2026-05-22,Tirunelveli,0.51
2026-05-23,Tirunelveli,0.37
2026-05-24,Tirunelveli,0.5
2026-05-17,Tiruppur,0.56
2026-05-18,Tiruppur,0.53
2026-05-19,Tiruppur,0.44
2026-05-20,Tiruppur,0.48
2026-05-21,Tiruppur,0.54
2026-05-22,Tiruppur,0.62
2026-05-23,Tiruppur,0.38
2026-05-24,Tiruppur,0.45
2026-05-17,Tumakuru,0.43
2026-05-18,Tumakuru,0.6
2026-05-19,Tumakuru,0.55
2026-05-20,Tumakuru,0.43
2026-05-21,Tumakuru,0.43
2026-05-22,Tumakuru,0.5
2026-05-23,Tumakuru,0.46
2026-05-24,Tumakuru,0.49
2026-05-17,Tumkur,0.42
2026-05-18,Tumkur,0.47
2026-05-19,Tumkur,0.62
2026-05-20,Tumkur,0.41
2026-05-21,Tumkur,0.46
2026-05-22,Tumkur,0.45
2026-05-23,Tumkur,0.44
2026-05-24,Tumkur,0.35
2026-05-17,Udaipur,0.45
2026-05-18,Udaipur,0.5
2026-05-19,Udaipur,0.46
2026-05-20,Udaipur,0.67
2026-05-21,Udaipur,0.61
2026-05-22,Udaipur,0.47
2026-05-23,Udaipur,0.65
2026-05-24,Udaipur,0.39
2026-05-17,Vadodara,0.51
2026-05-18,Vadodara,0.6
2026-05-19,Vadodara,0.81
2026-05-20,Vadodara,0.38
2026-05-21,Vadodara,0.59
2026-05-22,Vadodara,0.63
2026-05-23,Vadodara,0.44
2026-05-24,Vadodara,0.69
2026-05-17,Varanasi,0.47
2026-05-18,Varanasi,0.35
2026-05-19,Varanasi,0.42
2026-05-20,Varanasi,0.3
2026-05-21,Varanasi,0.37
2026-05-22,Varanasi,0.41
2026-05-23,Varanasi,0.48
2026-05-24,Varanasi,0.5
2026-05-17,Vasai,0.37
2026-05-18,Vasai,0.48
2026-05-19,Vasai,0.52
2026-05-20,Vasai,0.56
2026-05-21,Vasai,0.47
2026-05-22,Vasai,0.39
2026-05-23,Vasai,0.34
2026-05-24,Vasai,0.41
2026-05-17,Vijayawada,0.41
2026-05-18,Vijayawada,0.56
2026-05-19,Vijayawada,0.53
2026-05-20,Vijayawada,0.42
2026-05-21,Vijayawada,0.64
2026-05-22,Vijayawada,0.63
2026-05-23,Vijayawada,0.58
2026-05-24,Vijayawada,0.44
2026-05-17,Virudhunagar,0.51
2026-05-18,Virudhunagar,0.49
2026-05-19,Virudhunagar,0.46
2026-05-20,Virudhunagar,0.47
2026-05-21,Virudhunagar,0.5
2026-05-22,Virudhunagar,0.51
2026-05-23,Virudhunagar,0.61
2026-05-24,Virudhunagar,0.4
2026-05-17,Visakhapatnam,0.63
2026-05-18,Visakhapatnam,0.5
2026-05-19,Visakhapatnam,0.47
2026-05-20,Visakhapatnam,0.45
2026-05-21,Visakhapatnam,0.45
2026-05-22,Visakhapatnam,0.5
2026-05-23,Visakhapatnam,0.45
2026-05-24,Visakhapatnam,0.48
2026-05-17,Warangal,0.46
2026-05-18,Warangal,0.51
2026-05-19,Warangal,0.66
2026-05-20,Warangal,0.49
2026-05-21,Warangal,0.39
2026-05-22,Warangal,0.32
2026-05-23,Warangal,0.34
2026-05-24,Warangal,0.74
