date,city,rainfall_mm,temperature
2026-05-17,Agra,0.0,34.8
2026-05-18,Agra,0.0,36.2
2026-05-19,Agra,0.0,38.2
2026-05-20,Agra,0.0,37.5
2026-05-21,Agra,0.0,37.4
2026-05-22,Agra,0.0,37.0
2026-05-23,Agra,0.0,36.5
2026-05-24,Agra,0.0,36.8
2026-05-17,Ahmedabad,37.3,36.1
2026-05-18,Ahmedabad,42.0,37.1
2026-05-19,Ahmedabad,0.0,35.6
2026-05-20,Ahmedabad,0.0,35.4
2026-05-21,Ahmedabad,0.0,35.0
2026-05-22,Ahmedabad,35.3,35.9
2026-05-23,Ahmedabad,0.0,35.9
2026-05-24,Ahmedabad,0.0,35.6
2026-05-17,Ahmednagar,0.0,33.5
2026-05-18,Ahmednagar,0.0,33.8
2026-05-19,Ahmednagar,0.0,32.9
2026-05-20,Ahmednagar,0.5,32.0
2026-05-21,Ahmednagar,0.0,31.6
2026-05-22,Ahmednagar,4.7,30.9
2026-05-23,Ahmednagar,2.6,30.6
2026-05-24,Ahmednagar,0.3,30.7
2026-05-17,Akola,0.0,37.2
2026-05-18,Akola,0.0,38.0
2026-05-19,Akola,0.0,38.4
2026-05-20,Akola,0.0,36.9
2026-05-21,Akola,0.0,36.5
2026-05-22,Akola,0.0,37.8
2026-05-23,Akola,0.0,36.0
2026-05-24,Akola,0.1,36.0
2026-05-17,Aligarh,0.0,33.2
2026-05-18,Aligarh,0.0,34.1
2026-05-19,Aligarh,0.0,36.5
2026-05-20,Aligarh,0.0,36.2
2026-05-21,Aligarh,0.0,36.0
2026-05-22,Aligarh,0.0,35.8
2026-05-23,Aligarh,0.0,35.2
2026-05-24,Aligarh,0.0,35.3
2026-05-17,Allahabad,0.0,35.8
2026-05-18,Allahabad,0.0,37.0
2026-05-19,Allahabad,0.0,36.9
2026-05-20,Allahabad,0.0,37.4
2026-05-21,Allahabad,0.0,37.7
2026-05-22,Allahabad,0.0,36.6
2026-05-23,Allahabad,0.0,37.0
2026-05-24,Allahabad,0.0,37.1
2026-05-17,Alwar,0.0,33.5
2026-05-18,Alwar,0.0,34.8
2026-05-19,Alwar,0.0,35.9
2026-05-20,Alwar,0.0,35.9
2026-05-21,Alwar,0.0,36.0
2026-05-22,Alwar,0.0,35.9
2026-05-23,Alwar,0.0,35.0
2026-05-24,Alwar,0.0,35.5
2026-05-17,Amravati,0.0,36.0
2026-05-18,Amravati,0.0,37.5
2026-05-19,Amravati,0.0,37.9
2026-05-20,Amravati,0.0,37.6
2026-05-21,Amravati,0.0,37.6
2026-05-22,Amravati,0.0,38.4
2026-05-23,Amravati,0.0,37.1
2026-05-24,Amravati,0.0,36.3
2026-05-17,Amritsar,0.0,32.3
2026-05-18,Amritsar,0.0,34.0
2026-05-19,Amritsar,0.0,35.0
2026-05-20,Amritsar,0.0,34.8
2026-05-21,Amritsar,0.0,35.2
2026-05-22,Amritsar,0.6,31.8
2026-05-23,Amritsar,0.1,32.2
2026-05-24,Amritsar,0.0,33.4
2026-05-17,Anantapur,0.2,33.0
2026-05-18,Anantapur,0.1,34.0
2026-05-19,Anantapur,0.0,32.5
2026-05-20,Anantapur,0.0,33.5
2026-05-21,Anantapur,0.3,33.8
2026-05-22,Anantapur,0.1,31.2
2026-05-23,Anantapur,6.9,31.2
2026-05-24,Anantapur,3.3,30.8
2026-05-17,Arrah,0.0,33.3
2026-05-18,Arrah,0.0,33.6
2026-05-19,Arrah,0.0,31.8
2026-05-20,Arrah,0.0,33.2
2026-05-21,Arrah,0.2,34.4
2026-05-22,Arrah,0.0,33.5
2026-05-23,Arrah,0.0,34.4
2026-05-24,Arrah,0.0,34.0
2026-05-17,Asansol,0.2,33.2
2026-05-18,Asansol,0.4,33.9
2026-05-19,Asansol,0.0,32.2
2026-05-20,Asansol,0.0,32.4
2026-05-21,Asansol,0.0,33.5
2026-05-22,Asansol,2.0,33.2
2026-05-23,Asansol,0.1,34.2
2026-05-24,Asansol,3.2,33.1
2026-05-17,Aurangabad,0.0,34.8
2026-05-18,Aurangabad,0.0,35.4
2026-05-19,Aurangabad,0.0,34.2
2026-05-20,Aurangabad,0.0,33.5
2026-05-21,Aurangabad,0.0,33.5
2026-05-22,Aurangabad,0.6,33.6
2026-05-23,Aurangabad,0.3,32.5
2026-05-24,Aurangabad,0.5,32.2
2026-05-17,Avadi,2.6,31.7
2026-05-18,Avadi,1.6,32.4
2026-05-19,Avadi,0.3,32.9
2026-05-20,Avadi,0.0,34.5
2026-05-21,Avadi,0.0,35.3
2026-05-22,Avadi,0.4,34.0
2026-05-23,Avadi,0.2,32.1
2026-05-24,Avadi,1.5,33.0
2026-05-17,Bangalore,40.7,28.3
2026-05-18,Bangalore,49.1,27.9
2026-05-19,Bangalore,2.9,25.2
2026-05-20,Bangalore,5.7,25.9
2026-05-21,Bangalore,0.2,27.1
2026-05-22,Bangalore,43.7,26.0
2026-05-23,Bangalore,6.9,24.3
2026-05-24,Bangalore,47.03990613230713,25.1
2026-05-17,Barasat,13.6,31.6
2026-05-18,Barasat,10.4,32.2
2026-05-19,Barasat,0.1,31.8
2026-05-20,Barasat,0.8,31.8
2026-05-21,Barasat,0.0,31.9
2026-05-22,Barasat,4.4,32.5
2026-05-23,Barasat,1.1,30.9
2026-05-24,Barasat,4.2,32.2
2026-05-17,Bardhaman,5.0,32.1
2026-05-18,Bardhaman,0.0,33.6
2026-05-19,Bardhaman,0.4,32.3
2026-05-20,Bardhaman,0.1,32.0
2026-05-21,Bardhaman,2.5,32.5
2026-05-22,Bardhaman,27.4,32.2
2026-05-23,Bardhaman,10.6,33.0
2026-05-24,Bardhaman,12.8,32.5
2026-05-17,Bareilly,0.0,31.8
2026-05-18,Bareilly,0.0,31.9
2026-05-19,Bareilly,0.0,33.0
2026-05-20,Bareilly,0.0,33.1
2026-05-21,Bareilly,0.0,34.0
2026-05-22,Bareilly,0.0,33.9
2026-05-23,Bareilly,0.1,33.8
2026-05-24,Bareilly,0.0,33.3
2026-05-17,Bathinda,0.0,34.0
2026-05-18,Bathinda,0.0,35.9
2026-05-19,Bathinda,0.0,36.2
2026-05-20,Bathinda,0.0,35.8
2026-05-21,Bathinda,0.0,37.1
2026-05-22,Bathinda,0.0,35.5
2026-05-23,Bathinda,0.5,35.4
2026-05-24,Bathinda,0.0,36.4
2026-05-17,Begusarai,0.0,31.7
2026-05-18,Begusarai,1.3,31.8
2026-05-19,Begusarai,0.0,30.1
2026-05-20,Begusarai,1.1,31.9
2026-05-21,Begusarai,0.8,32.6
2026-05-22,Begusarai,0.0,31.9
2026-05-23,Begusarai,0.0,33.0
2026-05-24,Begusarai,0.0,32.8
2026-05-17,Belgaum,0.5,29.7
2026-05-18,Belgaum,3.2,28.7
2026-05-19,Belgaum,3.3,26.4
2026-05-20,Belgaum,0.3,25.8
2026-05-21,Belgaum,0.0,27.4
2026-05-22,Belgaum,2.9,26.4
2026-05-23,Belgaum,6.1,26.7
2026-05-24,Belgaum,0.0,26.6
2026-05-17,Bellary,0.4,31.6
2026-05-18,Bellary,0.0,31.6
2026-05-19,Bellary,0.1,31.2
2026-05-20,Bellary,0.0,31.4
2026-05-21,Bellary,0.0,32.0
2026-05-22,Bellary,0.0,30.1
2026-05-23,Bellary,2.8,30.4
2026-05-24,Bellary,13.5,29.9
2026-05-17,Bhagalpur,0.0,30.1
2026-05-18,Bhagalpur,0.9,30.6
2026-05-19,Bhagalpur,0.2,29.8
2026-05-20,Bhagalpur,0.6,30.8
2026-05-21,Bhagalpur,3.3,31.5
2026-05-22,Bhagalpur,0.3,30.9
2026-05-23,Bhagalpur,0.0,32.4
2026-05-24,Bhagalpur,0.0,33.4
2026-05-17,Bharatpur,0.0,33.7
2026-05-18,Bharatpur,0.0,35.3
2026-05-19,Bharatpur,0.0,37.1
2026-05-20,Bharatpur,0.0,35.7
2026-05-21,Bharatpur,0.0,36.6
2026-05-22,Bharatpur,0.0,36.4
2026-05-23,Bharatpur,0.0,36.0
2026-05-24,Bharatpur,0.0,36.3
2026-05-17,Bhilwara,0.0,35.1
2026-05-18,Bhilwara,0.0,37.0
2026-05-19,Bhilwara,0.0,35.2
2026-05-20,Bhilwara,0.0,34.2
2026-05-21,Bhilwara,0.0,34.1
2026-05-22,Bhilwara,0.0,34.1
2026-05-23,Bhilwara,0.0,34.8
2026-05-24,Bhilwara,0.0,35.9
2026-05-17,Bhopal,0.0,36.0
2026-05-18,Bhopal,0.0,36.9
2026-05-19,Bhopal,0.0,37.4
2026-05-20,Bhopal,0.0,37.1
2026-05-21,Bhopal,0.0,36.2
2026-05-22,Bhopal,0.0,36.1
2026-05-23,Bhopal,0.0,36.5
2026-05-24,Bhopal,0.0,36.3
2026-05-17,Bhubaneswar,0.0,33.1
2026-05-18,Bhubaneswar,0.2,33.7
2026-05-19,Bhubaneswar,0.8,34.3
2026-05-20,Bhubaneswar,3.1,34.6
2026-05-21,Bhubaneswar,7.7,34.9
2026-05-22,Bhubaneswar,0.1,32.9
2026-05-23,Bhubaneswar,3.0,33.0
2026-05-24,Bhubaneswar,0.0,33.1
2026-05-17,Bhusawal,0.0,36.8
2026-05-18,Bhusawal,0.0,37.7
2026-05-19,Bhusawal,0.0,36.6
2026-05-20,Bhusawal,0.2,35.0
2026-05-21,Bhusawal,0.0,35.4
2026-05-22,Bhusawal,0.1,36.0
2026-05-23,Bhusawal,0.2,35.0
2026-05-24,Bhusawal,0.0,34.9
2026-05-17,Bidar,0.1,32.8
2026-05-18,Bidar,0.7,33.2
2026-05-19,Bidar,2.9,32.6
2026-05-20,Bidar,0.0,32.5
2026-05-21,Bidar,0.0,33.2
2026-05-22,Bidar,0.5,32.2
2026-05-23,Bidar,1.2,31.8
2026-05-24,Bidar,0.0,31.6
2026-05-17,Bijapur,0.0,31.7
2026-05-18,Bijapur,1.3,32.4
2026-05-19,Bijapur,1.2,30.8
2026-05-20,Bijapur,0.1,30.3
2026-05-21,Bijapur,0.1,30.6
2026-05-22,Bijapur,3.6,29.2
2026-05-23,Bijapur,2.0,29.5
2026-05-24,Bijapur,0.6,29.8
2026-05-17,Bilaspur,0.0,33.3
2026-05-18,Bilaspur,0.7,34.6
2026-05-19,Bilaspur,0.1,35.0
2026-05-20,Bilaspur,0.0,35.4
2026-05-21,Bilaspur,0.0,36.3
2026-05-22,Bilaspur,0.0,36.2
2026-05-23,Bilaspur,0.0,36.4
2026-05-24,Bilaspur,0.0,35.2
2026-05-17,Bokaro Steel City,0.2,32.6
2026-05-18,Bokaro Steel City,0.0,33.4
2026-05-19,Bokaro Steel City,0.0,31.5
2026-05-20,Bokaro Steel City,0.0,33.0
2026-05-21,Bokaro Steel City,0.1,33.8
2026-05-22,Bokaro Steel City,0.1,34.3
2026-05-23,Bokaro Steel City,0.0,34.7
2026-05-24,Bokaro Steel City,0.0,34.2
2026-05-17,Chandigarh,0.0,31.5
2026-05-18,Chandigarh,0.0,33.1
2026-05-19,Chandigarh,0.0,35.4
2026-05-20,Chandigarh,0.0,33.9
2026-05-21,Chandigarh,0.0,33.4
2026-05-22,Chandigarh,0.3,33.8
2026-05-23,Chandigarh,0.0,32.4
2026-05-24,Chandigarh,0.3,33.5
2026-05-17,Chandrapur,0.0,35.7
2026-05-18,Chandrapur,0.2,36.7
2026-05-19,Chandrapur,0.2,37.1
2026-05-20,Chandrapur,0.0,38.0
2026-05-21,Chandrapur,0.0,38.6
2026-05-22,Chandrapur,0.0,38.5
2026-05-23,Chandrapur,0.0,39.4
2026-05-24,Chandrapur,0.0,38.8
2026-05-17,Chennai,49.5,31.5
2026-05-18,Chennai,51.8,31.6
2026-05-19,Chennai,0.2,33.1
2026-05-20,Chennai,0.0,35.0
2026-05-21,Chennai,0.0,35.5
2026-05-22,Chennai,0.0,34.1
2026-05-23,Chennai,0.0,33.5
2026-05-24,Chennai,45.15905246480119,34.2
2026-05-17,Chikkaballapur,0.3,26.6
2026-05-18,Chikkaballapur,2.1,27.2
2026-05-19,Chikkaballapur,1.5,26.0
2026-05-20,Chikkaballapur,1.0,26.4
2026-05-21,Chikkaballapur,1.0,27.4
2026-05-22,Chikkaballapur,1.5,25.8
2026-05-23,Chikkaballapur,6.6,25.2
2026-05-24,Chikkaballapur,3.0,25.8
2026-05-17,Chitradurga,2.3,28.8
2026-05-18,Chitradurga,1.7,28.4
2026-05-19,Chitradurga,1.5,26.2
2026-05-20,Chitradurga,0.0,27.6
2026-05-21,Chitradurga,2.2,28.6
2026-05-22,Chitradurga,0.0,26.8
2026-05-23,Chitradurga,1.6,27.0
2026-05-24,Chitradurga,4.6,27.3
2026-05-17,Coimbatore,0.7,28.9
2026-05-18,Coimbatore,3.2,28.1
2026-05-19,Coimbatore,0.0,29.0
2026-05-20,Coimbatore,0.4,29.1
2026-05-21,Coimbatore,1.2,29.6
2026-05-22,Coimbatore,1.1,29.2
2026-05-23,Coimbatore,3.2,28.5
2026-05-24,Coimbatore,2.4,28.6
2026-05-17,Darbhanga,0.0,30.2
2026-05-18,Darbhanga,0.0,30.8
2026-05-19,Darbhanga,0.0,30.2
2026-05-20,Darbhanga,1.7,30.8
2026-05-21,Darbhanga,4.1,30.8
2026-05-22,Darbhanga,0.4,30.2
2026-05-23,Darbhanga,0.0,31.9
2026-05-24,Darbhanga,0.0,31.1
2026-05-17,Davangere,2.7,28.6
2026-05-18,Davangere,3.7,27.8
2026-05-19,Davangere,0.4,26.9
2026-05-20,Davangere,0.0,27.9
2026-05-21,Davangere,0.4,28.4
2026-05-22,Davangere,0.0,27.0
2026-05-23,Davangere,1.4,27.5
2026-05-24,Davangere,2.2,27.1
2026-05-17,Dehradun,0.0,27.2
2026-05-18,Dehradun,0.0,28.1
2026-05-19,Dehradun,0.0,29.0
2026-05-20,Dehradun,0.0,29.3
2026-05-21,Dehradun,0.0,29.9
2026-05-22,Dehradun,0.2,29.9
2026-05-23,Dehradun,0.0,28.5
2026-05-24,Dehradun,0.0,28.2
2026-05-17,Delhi,64.1,35.5
2026-05-18,Delhi,31.6,36.6
2026-05-19,Delhi,0.0,37.8
2026-05-20,Delhi,0.0,37.9
2026-05-21,Delhi,0.0,38.0
2026-05-22,Delhi,0.0,37.0
2026-05-23,Delhi,63.7,36.4
2026-05-24,Delhi,51.072500396587046,36.1
2026-05-17,Dewas,0.0,35.1
2026-05-18,Dewas,0.0,36.5
2026-05-19,Dewas,0.0,36.6
2026-05-20,Dewas,0.0,34.6
2026-05-21,Dewas,0.0,34.2
2026-05-22,Dewas,0.0,35.0
2026-05-23,Dewas,0.0,34.1
2026-05-24,Dewas,0.2,34.4
2026-05-17,Dhanbad,0.2,32.6
2026-05-18,Dhanbad,0.0,34.2
2026-05-19,Dhanbad,0.2,32.7
2026-05-20,Dhanbad,0.1,33.8
2026-05-21,Dhanbad,0.4,34.2
2026-05-22,Dhanbad,0.0,33.9
2026-05-23,Dhanbad,0.0,35.3
2026-05-24,Dhanbad,0.0,34.5
2026-05-17,Dharmapuri,1.4,28.9
2026-05-18,Dharmapuri,3.3,28.9
2026-05-19,Dharmapuri,1.1,29.0
2026-05-20,Dharmapuri,1.2,30.0
2026-05-21,Dharmapuri,5.7,30.9
2026-05-22,Dharmapuri,3.1,30.8
2026-05-23,Dharmapuri,0.8,29.0
2026-05-24,Dharmapuri,12.4,29.4
2026-05-17,Dhule,0.0,34.5
2026-05-18,Dhule,0.0,36.4
2026-05-19,Dhule,0.0,35.5
2026-05-20,Dhule,0.0,34.0
2026-05-21,Dhule,0.0,33.6
2026-05-22,Dhule,0.1,34.4
2026-05-23,Dhule,0.9,33.2
2026-05-24,Dhule,0.0,34.1
2026-05-17,Dindigul,11.3,31.1
2026-05-18,Dindigul,0.8,30.1
2026-05-19,Dindigul,0.6,31.2
2026-05-20,Dindigul,0.9,30.9
2026-05-21,Dindigul,0.0,32.9
2026-05-22,Dindigul,0.7,32.9
2026-05-23,Dindigul,1.9,32.2
2026-05-24,Dindigul,1.3,31.9
2026-05-17,Durg,0.0,33.5
2026-05-18,Durg,0.0,34.7
2026-05-19,Durg,0.0,35.6
2026-05-20,Durg,0.0,36.5
2026-05-21,Durg,0.0,37.8
2026-05-22,Durg,0.0,37.5
2026-05-23,Durg,0.0,36.9
2026-05-24,Durg,0.0,36.5
2026-05-17,Eluru,0.6,32.8
2026-05-18,Eluru,0.7,33.3
2026-05-19,Eluru,0.0,33.9
2026-05-20,Eluru,0.0,35.6
2026-05-21,Eluru,0.0,36.5
2026-05-22,Eluru,0.0,36.0
2026-05-23,Eluru,0.0,35.2
2026-05-24,Eluru,0.0,35.6
2026-05-17,Erode,0.8,30.6
2026-05-18,Erode,2.3,30.6
2026-05-19,Erode,0.8,31.6
2026-05-20,Erode,0.8,32.2
2026-05-21,Erode,2.1,33.3
2026-05-22,Erode,0.7,33.5
2026-05-23,Erode,3.7,31.4
2026-05-24,Erode,5.8,32.0
2026-05-17,Etawah,0.0,33.5
2026-05-18,Etawah,0.0,34.2
2026-05-19,Etawah,0.0,35.5
2026-05-20,Etawah,0.0,35.2
2026-05-21,Etawah,0.0,35.6
2026-05-22,Etawah,0.0,36.2
2026-05-23,Etawah,0.0,35.5
2026-05-24,Etawah,0.0,35.9
2026-05-17,Faridabad,0.0,35.6
2026-05-18,Faridabad,0.0,36.5
2026-05-19,Faridabad,0.0,37.8
2026-05-20,Faridabad,0.0,37.7
2026-05-21,Faridabad,0.0,37.8
2026-05-22,Faridabad,0.0,37.1
2026-05-23,Faridabad,0.0,36.5
2026-05-24,Faridabad,0.0,36.0
2026-05-17,Farrukhabad,0.0,32.9
2026-05-18,Farrukhabad,0.0,34.1
2026-05-19,Farrukhabad,0.0,34.5
2026-05-20,Farrukhabad,0.0,34.9
2026-05-21,Farrukhabad,0.0,35.4
2026-05-22,Farrukhabad,0.0,35.7
2026-05-23,Farrukhabad,0.0,35.0
2026-05-24,Farrukhabad,0.0,35.1
2026-05-17,Gandhinagar,0.0,35.5
2026-05-18,Gandhinagar,0.0,36.5
2026-05-19,Gandhinagar,0.0,35.0
2026-05-20,Gandhinagar,0.0,34.8
2026-05-21,Gandhinagar,0.0,34.4
2026-05-22,Gandhinagar,0.0,35.3
2026-05-23,Gandhinagar,0.0,35.1
2026-05-24,Gandhinagar,0.0,35.2
2026-05-17,Ghaziabad,0.2,32.9
2026-05-18,Ghaziabad,0.0,34.1
2026-05-19,Ghaziabad,0.0,36.8
2026-05-20,Ghaziabad,0.0,36.4
2026-05-21,Ghaziabad,0.0,37.8
2026-05-22,Ghaziabad,0.0,36.8
2026-05-23,Ghaziabad,0.0,35.1
2026-05-24,Ghaziabad,0.0,36.2
2026-05-17,Gorakhpur,0.0,32.0
2026-05-18,Gorakhpur,0.0,31.8
2026-05-19,Gorakhpur,0.0,32.0
2026-05-20,Gorakhpur,0.0,32.5
2026-05-21,Gorakhpur,0.0,34.4
2026-05-22,Gorakhpur,0.0,33.0
2026-05-23,Gorakhpur,0.0,34.0
2026-05-24,Gorakhpur,0.0,33.1
2026-05-17,Greater Noida,0.0,33.2
2026-05-18,Greater Noida,0.0,34.1
2026-05-19,Greater Noida,0.0,36.0
2026-05-20,Greater Noida,0.0,35.6
2026-05-21,Greater Noida,0.0,36.6
2026-05-22,Greater Noida,0.0,36.2
2026-05-23,Greater Noida,0.0,35.1
2026-05-24,Greater Noida,0.0,36.0
2026-05-17,Gulbarga,0.3,34.0
2026-05-18,Gulbarga,5.6,33.8
2026-05-19,Gulbarga,0.9,33.3
2026-05-20,Gulbarga,0.0,32.4
2026-05-21,Gulbarga,2.3,33.4
2026-05-22,Gulbarga,0.7,31.4
2026-05-23,Gulbarga,1.3,32.6
2026-05-24,Gulbarga,1.4,31.9
2026-05-17,Gurgaon,0.0,33.7
2026-05-18,Gurgaon,0.0,34.8
2026-05-19,Gurgaon,0.0,36.4
2026-05-20,Gurgaon,0.0,36.3
2026-05-21,Gurgaon,0.0,36.7
2026-05-22,Gurgaon,0.0,35.8
2026-05-23,Gurgaon,0.0,35.0
2026-05-24,Gurgaon,0.0,34.6
2026-05-17,Guwahati,15.0,26.1
2026-05-18,Guwahati,18.6,25.4
2026-05-19,Guwahati,3.5,27.1
2026-05-20,Guwahati,1.2,28.6
2026-05-21,Guwahati,8.2,27.9
2026-05-22,Guwahati,10.8,28.4
2026-05-23,Guwahati,6.4,26.0
2026-05-24,Guwahati,6.6,26.9
2026-05-17,Gwalior,0.0,35.7
2026-05-18,Gwalior,0.0,37.4
2026-05-19,Gwalior,0.0,38.2
2026-05-20,Gwalior,0.0,37.9
2026-05-21,Gwalior,0.0,36.9
2026-05-22,Gwalior,0.0,36.6
2026-05-23,Gwalior,0.0,37.2
2026-05-24,Gwalior,0.0,37.8
2026-05-17,Hapur,0.0,32.5
2026-05-18,Hapur,0.0,33.1
2026-05-19,Hapur,0.0,35.1
2026-05-20,Hapur,0.0,35.0
2026-05-21,Hapur,0.0,35.6
2026-05-22,Hapur,0.0,35.4
2026-05-23,Hapur,0.7,34.0
2026-05-24,Hapur,0.0,34.6
2026-05-17,Hassan,0.4,25.4
2026-05-18,Hassan,1.8,24.8
2026-05-19,Hassan,8.9,24.2
2026-05-20,Hassan,1.7,24.9
2026-05-21,Hassan,0.0,26.1
2026-05-22,Hassan,5.4,25.4
2026-05-23,Hassan,4.4,24.9
2026-05-24,Hassan,1.1,25.5
2026-05-17,Hospet,1.6,29.5
2026-05-18,Hospet,0.0,29.6
2026-05-19,Hospet,0.0,29.1
2026-05-20,Hospet,0.0,29.0
2026-05-21,Hospet,0.0,29.4
2026-05-22,Hospet,0.1,28.6
2026-05-23,Hospet,2.4,28.3
2026-05-24,Hospet,9.6,29.1
2026-05-17,Hosur,0.0,26.0
2026-05-18,Hosur,2.7,26.6
2026-05-19,Hosur,4.9,25.5
2026-05-20,Hosur,1.6,26.6
2026-05-21,Hosur,0.9,27.6
2026-05-22,Hosur,0.7,26.6
2026-05-23,Hosur,2.1,24.8
2026-05-24,Hosur,6.1,25.9
2026-05-17,Hubli,1.8,30.2
2026-05-18,Hubli,6.0,28.9
2026-05-19,Hubli,1.1,26.6
2026-05-20,Hubli,0.6,26.9
2026-05-21,Hubli,0.3,27.9
2026-05-22,Hubli,1.3,27.2
2026-05-23,Hubli,3.6,27.5
2026-05-24,Hubli,0.0,27.6
2026-05-17,Hyderabad,41.0,32.0
2026-05-18,Hyderabad,0.6,32.2
2026-05-19,Hyderabad,0.3,33.0
2026-05-20,Hyderabad,0.3,33.3
2026-05-21,Hyderabad,0.0,34.6
2026-05-22,Hyderabad,38.7,33.0
2026-05-23,Hyderabad,0.8,32.6
2026-05-24,Hyderabad,0.0,32.5
2026-05-17,Ichalkaranji,0.8,32.3
2026-05-18,Ichalkaranji,0.1,31.0
2026-05-19,Ichalkaranji,5.7,28.3
2026-05-20,Ichalkaranji,1.5,29.1
2026-05-21,Ichalkaranji,0.2,30.0
2026-05-22,Ichalkaranji,6.0,29.4
2026-05-23,Ichalkaranji,3.5,29.1
2026-05-24,Ichalkaranji,0.9,28.8
2026-05-17,Imphal,8.1,24.0
2026-05-18,Imphal,1.0,23.8
2026-05-19,Imphal,0.5,24.6
2026-05-20,Imphal,0.0,25.8
2026-05-21,Imphal,0.7,26.5
2026-05-22,Imphal,2.8,26.4
2026-05-23,Imphal,4.0,24.9
2026-05-24,Imphal,3.3,25.2
2026-05-17,Indore,0.0,35.0
2026-05-18,Indore,0.0,36.2
2026-05-19,Indore,0.0,36.0
2026-05-20,Indore,0.0,34.2
2026-05-21,Indore,0.0,33.8
2026-05-22,Indore,0.0,34.5
2026-05-23,Indore,0.0,33.6
2026-05-24,Indore,0.1,33.7
2026-05-17,Jabalpur,0.0,35.1
2026-05-18,Jabalpur,0.0,36.3
2026-05-19,Jabalpur,0.0,36.6
2026-05-20,Jabalpur,0.0,37.0
2026-05-21,Jabalpur,0.0,37.1
2026-05-22,Jabalpur,0.0,36.4
2026-05-23,Jabalpur,0.0,36.6
2026-05-24,Jabalpur,0.0,36.9
2026-05-17,Jaipur,44.4,35.2
2026-05-18,Jaipur,54.4,36.7
2026-05-19,Jaipur,0.0,37.2
2026-05-20,Jaipur,0.0,36.2
2026-05-21,Jaipur,48.2,36.2
2026-05-22,Jaipur,0.0,35.6
2026-05-23,Jaipur,0.0,36.2
2026-05-24,Jaipur,0.0,36.9
2026-05-17,Jalandhar,0.0,31.6
2026-05-18,Jalandhar,0.0,33.5
2026-05-19,Jalandhar,0.0,35.2
2026-05-20,Jalandhar,0.0,35.7
2026-05-21,Jalandhar,0.1,35.5
2026-05-22,Jalandhar,0.0,33.2
2026-05-23,Jalandhar,0.1,33.8
2026-05-24,Jalandhar,0.0,33.7
2026-05-17,Jalgaon,0.0,36.2
2026-05-18,Jalgaon,0.0,37.4
2026-05-19,Jalgaon,0.0,36.2
2026-05-20,Jalgaon,1.3,34.7
2026-05-21,Jalgaon,0.0,35.1
2026-05-22,Jalgaon,0.0,35.5
2026-05-23,Jalgaon,0.2,34.8
2026-05-24,Jalgaon,0.0,35.1
2026-05-17,Jalna,0.0,35.2
2026-05-18,Jalna,0.0,36.0
2026-05-19,Jalna,0.0,35.7
2026-05-20,Jalna,0.1,35.1
2026-05-21,Jalna,0.0,35.0
2026-05-22,Jalna,1.1,34.2
2026-05-23,Jalna,0.2,33.6
2026-05-24,Jalna,0.0,33.5
2026-05-17,Jamshedpur,37.7,32.3
2026-05-18,Jamshedpur,0.0,33.5
2026-05-19,Jamshedpur,0.0,34.2
2026-05-20,Jamshedpur,0.0,33.3
2026-05-21,Jamshedpur,37.1,33.7
2026-05-22,Jamshedpur,0.0,34.3
2026-05-23,Jamshedpur,0.7,34.7
2026-05-24,Jamshedpur,2.2,34.6
2026-05-17,Junagadh,0.0,32.9
2026-05-18,Junagadh,0.0,32.8
2026-05-19,Junagadh,0.0,32.6
2026-05-20,Junagadh,0.0,32.5
2026-05-21,Junagadh,0.6,32.5
2026-05-22,Junagadh,0.0,32.4
2026-05-23,Junagadh,0.0,33.2
2026-05-24,Junagadh,0.0,32.6
2026-05-17,Kadapa,0.0,34.7
2026-05-18,Kadapa,0.3,34.4
2026-05-19,Kadapa,0.0,34.6
2026-05-20,Kadapa,0.0,35.1
2026-05-21,Kadapa,0.2,35.8
2026-05-22,Kadapa,0.6,33.1
2026-05-23,Kadapa,0.9,33.0
2026-05-24,Kadapa,0.4,34.0
2026-05-17,Kalyan,0.0,34.4
2026-05-18,Kalyan,1.5,34.1
2026-05-19,Kalyan,0.0,32.7
2026-05-20,Kalyan,0.1,33.2
2026-05-21,Kalyan,0.5,34.5
2026-05-22,Kalyan,1.6,33.3
2026-05-23,Kalyan,2.0,32.8
2026-05-24,Kalyan,4.4,32.1
2026-05-17,Kanpur,0.0,36.0
2026-05-18,Kanpur,0.0,37.0
2026-05-19,Kanpur,0.0,38.0
2026-05-20,Kanpur,0.0,37.8
2026-05-21,Kanpur,0.0,38.0
2026-05-22,Kanpur,0.0,37.5
2026-05-23,Kanpur,0.0,37.2
2026-05-24,Kanpur,0.0,37.2
2026-05-17,Kanyakumari,1.0,30.0
2026-05-18,Kanyakumari,0.4,29.1
2026-05-19,Kanyakumari,4.6,28.8
2026-05-20,Kanyakumari,1.1,29.5
2026-05-21,Kanyakumari,1.3,30.3
2026-05-22,Kanyakumari,0.6,29.1
2026-05-23,Kanyakumari,0.6,30.4
2026-05-24,Kanyakumari,0.2,29.2
2026-05-17,Karimnagar,0.1,33.2
2026-05-18,Karimnagar,0.0,33.6
2026-05-19,Karimnagar,0.0,34.2
2026-05-20,Karimnagar,0.1,35.9
2026-05-21,Karimnagar,0.0,37.0
2026-05-22,Karimnagar,0.0,36.6
2026-05-23,Karimnagar,0.0,36.8
2026-05-24,Karimnagar,0.0,36.2
2026-05-17,Karnal,0.0,33.1
2026-05-18,Karnal,0.0,34.5
2026-05-19,Karnal,0.0,35.3
2026-05-20,Karnal,0.0,35.6
2026-05-21,Karnal,0.0,35.2
2026-05-22,Karnal,0.0,35.3
2026-05-23,Karnal,0.0,34.5
2026-05-24,Karnal,0.0,35.0
2026-05-17,Karur,7.2,31.2
2026-05-18,Karur,1.4,31.1
2026-05-19,Karur,0.4,31.8
2026-05-20,Karur,1.0,32.5
2026-05-21,Karur,0.0,33.6
2026-05-22,Karur,0.0,33.1
2026-05-23,Karur,1.1,32.0
2026-05-24,Karur,6.5,31.8
2026-05-17,Khammam,0.2,31.9
2026-05-18,Khammam,0.0,32.5
2026-05-19,Khammam,0.0,32.8
2026-05-20,Khammam,0.7,35.0
2026-05-21,Khammam,0.0,36.5
2026-05-22,Khammam,0.0,35.9
2026-05-23,Khammam,0.1,35.9
2026-05-24,Khammam,0.0,36.2
2026-05-17,Kochi,26.6,27.1
2026-05-18,Kochi,8.8,27.7
2026-05-19,Kochi,16.3,28.0
2026-05-20,Kochi,9.4,27.9
2026-05-21,Kochi,3.9,28.9
2026-05-22,Kochi,14.3,27.5
2026-05-23,Kochi,7.7,28.1
2026-05-24,Kochi,30.9,26.9
2026-05-17,Kolar,0.0,26.7
2026-05-18,Kolar,8.6,27.5
2026-05-19,Kolar,3.6,26.5
2026-05-20,Kolar,0.5,27.3
2026-05-21,Kolar,1.4,28.3
2026-05-22,Kolar,2.0,26.9
2026-05-23,Kolar,9.6,26.2
2026-05-24,Kolar,2.4,26.9
2026-05-17,Kolhapur,48.0,31.6
2026-05-18,Kolhapur,0.9,30.3
2026-05-19,Kolhapur,7.2,27.3
2026-05-20,Kolhapur,1.0,28.1
2026-05-21,Kolhapur,0.2,29.1
2026-05-22,Kolhapur,1.8,28.9
2026-05-23,Kolhapur,3.8,28.6
2026-05-24,Kolhapur,0.2,27.6
2026-05-17,Kolkata,40.6,32.0
2026-05-18,Kolkata,38.5,33.1
2026-05-19,Kolkata,0.3,32.4
2026-05-20,Kolkata,0.0,32.6
2026-05-21,Kolkata,0.0,32.4
2026-05-22,Kolkata,8.9,32.3
2026-05-23,Kolkata,3.6,30.8
2026-05-24,Kolkata,2.2,32.8
2026-05-17,Kollam,37.0,26.7
2026-05-18,Kollam,9.0,27.3
2026-05-19,Kollam,9.8,28.4
2026-05-20,Kollam,6.6,28.2
2026-05-21,Kollam,5.3,28.7
2026-05-22,Kollam,31.6,26.1
2026-05-23,Kollam,4.1,27.8
2026-05-24,Kollam,20.4,26.9
2026-05-17,Korba,0.1,33.1
2026-05-18,Korba,0.5,34.1
2026-05-19,Korba,0.0,34.0
2026-05-20,Korba,0.0,35.1
2026-05-21,Korba,0.0,35.8
2026-05-22,Korba,0.0,35.1
2026-05-23,Korba,0.0,36.5
2026-05-24,Korba,0.0,35.7
2026-05-17,Kozhikode,13.3,28.2
2026-05-18,Kozhikode,23.5,26.5
2026-05-19,Kozhikode,7.7,27.4
2026-05-20,Kozhikode,2.1,28.2
2026-05-21,Kozhikode,5.2,28.9
2026-05-22,Kozhikode,7.2,27.7
2026-05-23,Kozhikode,5.9,28.1
2026-05-24,Kozhikode,15.0,27.6
2026-05-17,Krishnagiri,0.4,29.0
2026-05-18,Krishnagiri,15.4,29.0
2026-05-19,Krishnagiri,0.9,28.5
2026-05-20,Krishnagiri,3.2,29.6
2026-05-21,Krishnagiri,2.7,31.0
2026-05-22,Krishnagiri,2.5,29.7
2026-05-23,Krishnagiri,1.4,27.9
2026-05-24,Krishnagiri,4.2,29.6
2026-05-17,Kurnool,0.5,34.3
2026-05-18,Kurnool,0.0,34.0
2026-05-19,Kurnool,0.0,34.3
2026-05-20,Kurnool,0.0,33.9
2026-05-21,Kurnool,0.2,34.7
2026-05-22,Kurnool,0.0,32.5
2026-05-23,Kurnool,1.1,32.6
2026-05-24,Kurnool,1.2,32.3
2026-05-17,Latur,0.0,34.0
2026-05-18,Latur,0.0,34.8
2026-05-19,Latur,0.1,34.3
2026-05-20,Latur,0.0,33.9
2026-05-21,Latur,0.0,34.0
2026-05-22,Latur,0.2,33.4
2026-05-23,Latur,0.9,31.6
2026-05-24,Latur,0.0,32.0
2026-05-17,Lucknow,0.0,34.8
2026-05-18,Lucknow,0.0,36.3
2026-05-19,Lucknow,0.0,36.0
2026-05-20,Lucknow,0.0,36.4
2026-05-21,Lucknow,0.0,37.1
2026-05-22,Lucknow,0.0,35.5
2026-05-23,Lucknow,0.0,36.5
2026-05-24,Lucknow,0.0,36.5
2026-05-17,Ludhiana,0.0,32.4
2026-05-18,Ludhiana,0.0,33.9
2026-05-19,Ludhiana,0.0,35.8
2026-05-20,Ludhiana,0.0,35.6
2026-05-21,Ludhiana,0.0,34.9
2026-05-22,Ludhiana,0.1,33.2
2026-05-23,Ludhiana,0.1,33.6
2026-05-24,Ludhiana,0.0,33.8
2026-05-17,Madurai,10.7,31.0
2026-05-18,Madurai,0.9,30.9
2026-05-19,Madurai,0.6,31.4
2026-05-20,Madurai,1.4,32.6
2026-05-21,Madurai,0.1,33.5
2026-05-22,Madurai,0.2,33.8
2026-05-23,Madurai,4.5,32.7
2026-05-24,Madurai,3.8,33.8
2026-05-17,Malegaon,0.0,33.8
2026-05-18,Malegaon,0.0,35.4
2026-05-19,Malegaon,0.3,34.0
2026-05-20,Malegaon,0.7,32.9
2026-05-21,Malegaon,1.0,32.3
2026-05-22,Malegaon,0.7,34.2
2026-05-23,Malegaon,0.7,32.8
2026-05-24,Malegaon,1.2,33.2
2026-05-17,Mandya,0.1,27.2
2026-05-18,Mandya,2.6,27.6
2026-05-19,Mandya,6.9,26.7
2026-05-20,Mandya,6.8,27.4
2026-05-21,Mandya,0.0,28.3
2026-05-22,Mandya,2.5,27.6
2026-05-23,Mandya,5.4,27.3
2026-05-24,Mandya,2.1,27.5
2026-05-17,Mangalore,7.0,28.2
2026-05-18,Mangalore,26.1,26.4
2026-05-19,Mangalore,28.3,26.9
2026-05-20,Mangalore,2.8,28.2
2026-05-21,Mangalore,4.2,28.8
2026-05-22,Mangalore,16.1,27.4
2026-05-23,Mangalore,5.6,27.4
2026-05-24,Mangalore,2.8,27.4
2026-05-17,Mathura,0.0,34.0
2026-05-18,Mathura,0.0,35.8
2026-05-19,Mathura,0.0,37.9
2026-05-20,Mathura,0.0,36.8
2026-05-21,Mathura,0.0,37.0
2026-05-22,Mathura,0.0,37.0
2026-05-23,Mathura,0.0,36.2
2026-05-24,Mathura,0.0,36.2
2026-05-17,Mau,0.0,33.5
2026-05-18,Mau,0.0,33.8
2026-05-19,Mau,0.0,33.0
2026-05-20,Mau,0.0,34.0
2026-05-21,Mau,0.0,35.4
2026-05-22,Mau,0.0,33.6
2026-05-23,Mau,0.0,35.4
2026-05-24,Mau,0.0,34.0
2026-05-17,Meerut,0.0,33.5
2026-05-18,Meerut,0.0,34.5
2026-05-19,Meerut,0.0,35.5
2026-05-20,Meerut,0.0,35.8
2026-05-21,Meerut,0.0,36.1
2026-05-22,Meerut,0.0,35.8
2026-05-23,Meerut,0.0,34.4
2026-05-24,Meerut,0.0,35.2
2026-05-17,Mumbai,53.3,30.9
2026-05-18,Mumbai,0.0,30.8
2026-05-19,Mumbai,0.0,30.4
2026-05-20,Mumbai,0.1,30.8
2026-05-21,Mumbai,0.0,31.7
2026-05-22,Mumbai,1.9,31.5
2026-05-23,Mumbai,47.5,31.6
2026-05-24,Mumbai,54.80829935553019,31.4
2026-05-17,Muzaffarnagar,0.0,32.2
2026-05-18,Muzaffarnagar,0.0,33.4
2026-05-19,Muzaffarnagar,0.0,33.8
2026-05-20,Muzaffarnagar,0.0,35.2
2026-05-21,Muzaffarnagar,0.0,35.2
2026-05-22,Muzaffarnagar,0.0,34.9
2026-05-23,Muzaffarnagar,0.0,33.7
2026-05-24,Muzaffarnagar,0.0,34.5
2026-05-17,Muzaffarpur,0.0,30.9
2026-05-18,Muzaffarpur,0.0,31.1
2026-05-19,Muzaffarpur,0.0,30.6
2026-05-20,Muzaffarpur,0.7,31.1
2026-05-21,Muzaffarpur,2.1,31.2
2026-05-22,Muzaffarpur,0.8,30.9
2026-05-23,Muzaffarpur,0.0,32.2
2026-05-24,Muzaffarpur,0.3,31.6
2026-05-17,Mysore,0.1,26.6
2026-05-18,Mysore,3.1,26.6
2026-05-19,Mysore,4.7,26.3
2026-05-20,Mysore,0.8,26.9
2026-05-21,Mysore,0.4,28.2
2026-05-22,Mysore,1.9,27.5
2026-05-23,Mysore,13.4,26.3
2026-05-24,Mysore,7.8,27.1
2026-05-17,Nagercoil,12.0,29.3
2026-05-18,Nagercoil,0.9,28.1
2026-05-19,Nagercoil,6.8,27.6
2026-05-20,Nagercoil,1.9,28.2
2026-05-21,Nagercoil,2.3,29.1
2026-05-22,Nagercoil,1.8,28.1
2026-05-23,Nagercoil,1.9,29.8
2026-05-24,Nagercoil,1.4,28.6
2026-05-17,Nagpur,0.0,36.2
2026-05-18,Nagpur,0.0,37.8
2026-05-19,Nagpur,0.0,38.5
2026-05-20,Nagpur,0.0,38.3
2026-05-21,Nagpur,0.0,39.0
2026-05-22,Nagpur,0.0,38.9
2026-05-23,Nagpur,0.0,39.0
2026-05-24,Nagpur,0.0,38.3
2026-05-17,Namakkal,5.1,31.2
2026-05-18,Namakkal,1.1,31.0
2026-05-19,Namakkal,1.3,32.2
2026-05-20,Namakkal,0.3,32.2
2026-05-21,Namakkal,0.8,33.3
2026-05-22,Namakkal,1.1,33.1
2026-05-23,Namakkal,1.8,31.3
2026-05-24,Namakkal,10.7,32.2
2026-05-17,Nanded,0.0,35.4
2026-05-18,Nanded,0.0,37.0
2026-05-19,Nanded,0.0,37.0
2026-05-20,Nanded,0.0,36.8
2026-05-21,Nanded,0.0,37.0
2026-05-22,Nanded,0.0,37.1
2026-05-23,Nanded,0.1,36.1
2026-05-24,Nanded,0.0,35.6
2026-05-17,Nashik,51.7,31.1
2026-05-18,Nashik,51.5,32.0
2026-05-19,Nashik,0.1,31.1
2026-05-20,Nashik,1.3,29.6
2026-05-21,Nashik,0.3,29.8
2026-05-22,Nashik,1.2,30.9
2026-05-23,Nashik,4.0,29.9
2026-05-24,Nashik,48.0,29.1
2026-05-17,Navi Mumbai,0.0,32.8
2026-05-18,Navi Mumbai,0.0,31.8
2026-05-19,Navi Mumbai,0.0,31.1
2026-05-20,Navi Mumbai,0.3,31.4
2026-05-21,Navi Mumbai,0.0,32.7
2026-05-22,Navi Mumbai,4.1,31.6
2026-05-23,Navi Mumbai,2.8,31.9
2026-05-24,Navi Mumbai,6.7,31.4
2026-05-17,Nizamabad,0.0,34.1
2026-05-18,Nizamabad,0.2,35.1
2026-05-19,Nizamabad,1.0,35.0
2026-05-20,Nizamabad,0.1,35.5
2026-05-21,Nizamabad,0.0,36.6
2026-05-22,Nizamabad,0.0,36.8
2026-05-23,Nizamabad,0.0,35.9
2026-05-24,Nizamabad,0.0,35.7
2026-05-17,Noida,0.1,34.0
2026-05-18,Noida,0.0,34.8
2026-05-19,Noida,0.0,36.5
2026-05-20,Noida,0.0,36.4
2026-05-21,Noida,0.0,37.1
2026-05-22,Noida,0.0,36.6
2026-05-23,Noida,0.0,35.8
2026-05-24,Noida,0.0,36.2
2026-05-17,Osmanabad,0.0,33.2
2026-05-18,Osmanabad,0.0,34.1
2026-05-19,Osmanabad,0.1,33.5
2026-05-20,Osmanabad,0.3,32.1
2026-05-21,Osmanabad,0.1,32.5
2026-05-22,Osmanabad,0.6,30.8
2026-05-23,Osmanabad,1.0,30.9
2026-05-24,Osmanabad,0.0,30.8
2026-05-17,Panipat,0.1,33.2
2026-05-18,Panipat,0.0,34.8
2026-05-19,Panipat,0.0,35.9
2026-05-20,Panipat,0.0,36.5
2026-05-21,Panipat,0.0,36.9
2026-05-22,Panipat,0.0,36.2
2026-05-23,Panipat,0.3,35.0
2026-05-24,Panipat,0.0,35.7
2026-05-17,Parbhani,0.0,35.3
2026-05-18,Parbhani,0.0,35.9
2026-05-19,Parbhani,0.0,36.5
2026-05-20,Parbhani,0.0,36.5
2026-05-21,Parbhani,0.0,36.8
2026-05-22,Parbhani,0.2,37.2
2026-05-23,Parbhani,0.4,35.5
2026-05-24,Parbhani,0.0,35.3
2026-05-17,Patiala,0.0,33.1
2026-05-18,Patiala,0.0,34.5
2026-05-19,Patiala,0.0,36.4
2026-05-20,Patiala,0.0,36.5
2026-05-21,Patiala,0.0,35.7
2026-05-22,Patiala,0.0,34.6
2026-05-23,Patiala,0.0,34.3
2026-05-24,Patiala,0.0,34.6
2026-05-17,Patna,0.0,33.4
2026-05-18,Patna,0.0,32.6
2026-05-19,Patna,0.0,31.0
2026-05-20,Patna,0.5,32.0
2026-05-21,Patna,0.0,33.6
2026-05-22,Patna,0.0,33.0
2026-05-23,Patna,0.3,34.4
2026-05-24,Patna,0.0,34.1
2026-05-17,Pune,50.1,32.0
2026-05-18,Pune,49.6,32.5
2026-05-19,Pune,2.0,30.6
2026-05-20,Pune,2.4,29.8
2026-05-21,Pune,52.7,30.8
2026-05-22,Pune,3.4,30.9
2026-05-23,Pune,1.7,29.0
2026-05-24,Pune,3.6,29.8
2026-05-17,Purnia,0.0,28.5
2026-05-18,Purnia,0.1,28.9
2026-05-19,Purnia,0.1,28.2
2026-05-20,Purnia,1.4,29.6
2026-05-21,Purnia,1.8,28.2
2026-05-22,Purnia,2.6,29.2
2026-05-23,Purnia,0.0,29.5
2026-05-24,Purnia,0.0,30.1
2026-05-17,Raichur,0.6,33.3
2026-05-18,Raichur,0.0,33.4
2026-05-19,Raichur,0.1,33.6
2026-05-20,Raichur,0.0,32.8
2026-05-21,Raichur,1.1,34.0
2026-05-22,Raichur,0.0,32.1
2026-05-23,Raichur,3.9,31.6
2026-05-24,Raichur,0.4,31.2
2026-05-17,Raipur,54.2,33.9
2026-05-18,Raipur,43.5,35.1
2026-05-19,Raipur,0.0,36.0
2026-05-20,Raipur,40.1,36.7
2026-05-21,Raipur,0.0,37.6
2026-05-22,Raipur,0.0,37.5
2026-05-23,Raipur,0.0,37.6
2026-05-24,Raipur,0.0,36.7
2026-05-17,Rajkot,0.0,33.3
2026-05-18,Rajkot,0.0,32.7
2026-05-19,Rajkot,0.0,33.3
2026-05-20,Rajkot,0.0,33.6
2026-05-21,Rajkot,0.0,33.9
2026-05-22,Rajkot,0.0,34.0
2026-05-23,Rajkot,0.8,34.5
2026-05-24,Rajkot,2.0,34.1
2026-05-17,Ramanagara,0.1,27.6
2026-05-18,Ramanagara,8.0,27.7
2026-05-19,Ramanagara,5.7,26.9
2026-05-20,Ramanagara,4.7,27.3
2026-05-21,Ramanagara,0.1,28.1
2026-05-22,Ramanagara,10.7,26.3
2026-05-23,Ramanagara,4.2,26.2
2026-05-24,Ramanagara,4.9,26.9
2026-05-17,Rampur,0.0,31.5
2026-05-18,Rampur,0.0,31.9
2026-05-19,Rampur,0.0,32.8
2026-05-20,Rampur,0.0,32.9
2026-05-21,Rampur,0.0,33.9
2026-05-22,Rampur,0.0,34.1
2026-05-23,Rampur,0.0,33.1
2026-05-24,Rampur,0.0,33.5
2026-05-17,Ratlam,0.0,34.8
2026-05-18,Ratlam,0.0,35.5
2026-05-19,Ratlam,0.0,34.1
2026-05-20,Ratlam,0.0,32.8
2026-05-21,Ratlam,0.0,32.5
2026-05-22,Ratlam,0.0,33.3
2026-05-23,Ratlam,0.0,33.2
2026-05-24,Ratlam,0.0,33.0
2026-05-17,Rohtak,0.0,33.5
2026-05-18,Rohtak,0.0,34.6
2026-05-19,Rohtak,0.0,36.0
2026-05-20,Rohtak,0.0,36.1
2026-05-21,Rohtak,0.0,36.8
2026-05-22,Rohtak,0.0,35.7
2026-05-23,Rohtak,0.1,35.1
2026-05-24,Rohtak,0.0,35.4
2026-05-17,Rourkela,2.3,31.6
2026-05-18,Rourkela,0.3,33.5
2026-05-19,Rourkela,0.8,33.5
2026-05-20,Rourkela,0.0,33.9
2026-05-21,Rourkela,2.0,34.4
2026-05-22,Rourkela,0.0,35.5
2026-05-23,Rourkela,0.0,35.2
2026-05-24,Rourkela,0.3,34.7
2026-05-17,Sagar,0.0,35.0
2026-05-18,Sagar,0.0,36.0
2026-05-19,Sagar,0.0,37.1
2026-05-20,Sagar,0.0,36.9
2026-05-21,Sagar,0.0,36.1
2026-05-22,Sagar,0.0,35.4
2026-05-23,Sagar,0.0,35.5
2026-05-24,Sagar,0.0,35.8
2026-05-17,Salem,1.6,30.8
2026-05-18,Salem,3.2,30.2
2026-05-19,Salem,1.8,31.2
2026-05-20,Salem,2.6,31.6
2026-05-21,Salem,0.2,32.8
2026-05-22,Salem,1.5,32.6
2026-05-23,Salem,1.2,30.8
2026-05-24,Salem,8.0,31.6
2026-05-17,Sambalpur,0.0,32.4
2026-05-18,Sambalpur,0.2,34.2
2026-05-19,Sambalpur,0.0,34.4
2026-05-20,Sambalpur,0.0,34.2
2026-05-21,Sambalpur,0.8,34.6
2026-05-22,Sambalpur,0.0,34.4
2026-05-23,Sambalpur,0.0,34.3
2026-05-24,Sambalpur,0.0,33.8
2026-05-17,Sangli,0.1,32.4
2026-05-18,Sangli,0.8,32.0
2026-05-19,Sangli,1.9,29.2
2026-05-20,Sangli,0.3,29.1
2026-05-21,Sangli,0.3,30.5
2026-05-22,Sangli,4.1,29.9
2026-05-23,Sangli,2.6,29.2
2026-05-24,Sangli,1.0,28.9
2026-05-17,Satara,0.1,32.4
2026-05-18,Satara,0.1,31.6
2026-05-19,Satara,0.2,30.5
2026-05-20,Satara,1.4,28.9
2026-05-21,Satara,0.3,30.7
2026-05-22,Satara,4.5,29.9
2026-05-23,Satara,1.8,28.7
2026-05-24,Satara,3.2,28.1
2026-05-17,Satna,0.0,35.5
2026-05-18,Satna,0.0,35.8
2026-05-19,Satna,0.0,36.2
2026-05-20,Satna,0.0,37.0
2026-05-21,Satna,0.0,36.5
2026-05-22,Satna,0.0,36.0
2026-05-23,Satna,0.0,36.0
2026-05-24,Satna,0.0,36.5
2026-05-17,Shahjahanpur,0.0,32.2
2026-05-18,Shahjahanpur,0.0,32.7
2026-05-19,Shahjahanpur,0.0,33.2
2026-05-20,Shahjahanpur,0.0,33.3
2026-05-21,Shahjahanpur,0.0,34.0
2026-05-22,Shahjahanpur,0.0,33.7
2026-05-23,Shahjahanpur,0.0,33.3
2026-05-24,Shahjahanpur,0.0,33.6
2026-05-17,Shivamogga,3.5,27.9
2026-05-18,Shivamogga,4.3,26.9
2026-05-19,Shivamogga,1.1,26.0
2026-05-20,Shivamogga,1.0,27.1
2026-05-21,Shivamogga,0.5,28.1
2026-05-22,Shivamogga,0.0,26.2
2026-05-23,Shivamogga,6.3,27.1
2026-05-24,Shivamogga,1.0,27.2
2026-05-17,Sivakasi,3.9,32.5
2026-05-18,Sivakasi,3.0,32.1
2026-05-19,Sivakasi,0.1,32.1
2026-05-20,Sivakasi,0.5,33.9
2026-05-21,Sivakasi,0.6,35.1
2026-05-22,Sivakasi,0.5,34.5
2026-05-23,Sivakasi,4.9,33.5
2026-05-24,Sivakasi,11.7,34.8
2026-05-17,Solapur,0.0,35.1
2026-05-18,Solapur,0.4,34.9
2026-05-19,Solapur,0.3,34.0
2026-05-20,Solapur,0.0,33.0
2026-05-21,Solapur,0.1,33.0
2026-05-22,Solapur,1.7,31.3
2026-05-23,Solapur,2.0,32.0
2026-05-24,Solapur,1.1,31.7
2026-05-17,Sonipat,0.1,32.9
2026-05-18,Sonipat,0.0,34.0
2026-05-19,Sonipat,0.0,35.2
2026-05-20,Sonipat,0.0,35.8
2026-05-21,Sonipat,0.0,36.6
2026-05-22,Sonipat,0.0,35.5
2026-05-23,Sonipat,0.1,34.4
2026-05-24,Sonipat,0.0,35.0
2026-05-17,Srinagar,0.0,19.2
2026-05-18,Srinagar,0.0,20.1
2026-05-19,Srinagar,1.0,20.9
2026-05-20,Srinagar,0.3,20.1
2026-05-21,Srinagar,8.2,17.2
2026-05-22,Srinagar,13.2,17.2
2026-05-23,Srinagar,0.9,16.9
2026-05-24,Srinagar,1.0,17.9
2026-05-17,Surat,44.8,35.1
2026-05-18,Surat,55.6,34.0
2026-05-19,Surat,0.0,33.2
2026-05-20,Surat,50.8,31.8
2026-05-21,Surat,0.0,32.2
2026-05-22,Surat,0.0,32.3
2026-05-23,Surat,0.0,33.0
2026-05-24,Surat,0.0,33.2
2026-05-17,Thane,0.0,32.8
2026-05-18,Thane,0.0,32.6
2026-05-19,Thane,0.0,31.9
2026-05-20,Thane,0.0,32.2
2026-05-21,Thane,0.1,33.4
2026-05-22,Thane,4.2,32.4
2026-05-23,Thane,2.4,31.6
2026-05-24,Thane,7.0,31.9
2026-05-17,Theni,3.6,30.9
2026-05-18,Theni,1.6,30.9
2026-05-19,Theni,0.9,30.7
2026-05-20,Theni,0.6,32.2
2026-05-21,Theni,3.9,30.6
2026-05-22,Theni,0.0,32.0
2026-05-23,Theni,0.6,31.6
2026-05-24,Theni,1.0,31.9
2026-05-17,Thiruvananthapuram,32.2,26.4
2026-05-18,Thiruvananthapuram,7.1,26.9
2026-05-19,Thiruvananthapuram,17.7,27.2
2026-05-20,Thiruvananthapuram,6.3,27.2
2026-05-21,Thiruvananthapuram,6.0,28.5
2026-05-22,Thiruvananthapuram,21.0,26.4
2026-05-23,Thiruvananthapuram,3.9,27.9
2026-05-24,Thiruvananthapuram,28.5,26.2
2026-05-17,Thoothukudi,3.2,30.8
2026-05-18,Thoothukudi,1.1,30.7
2026-05-19,Thoothukudi,0.0,31.1
2026-05-20,Thoothukudi,0.3,32.5
2026-05-21,Thoothukudi,1.0,32.5
2026-05-22,Thoothukudi,0.2,32.1
2026-05-23,Thoothukudi,0.1,32.8
2026-05-24,Thoothukudi,1.1,34.0
2026-05-17,Thrissur,25.5,27.0
2026-05-18,Thrissur,5.9,26.9
2026-05-19,Thrissur,17.9,27.6
2026-05-20,Thrissur,2.3,27.6
2026-05-21,Thrissur,1.5,28.9
2026-05-22,Thrissur,14.5,27.3
2026-05-23,Thrissur,5.6,27.6
2026-05-24,Thrissur,17.9,27.4
2026-05-17,Tiruchirappalli,3.3,30.4
2026-05-18,Tiruchirappalli,1.2,30.6
2026-05-19,Tiruchirappalli,1.4,31.0
2026-05-20,Tiruchirappalli,0.0,32.1
2026-05-21,Tiruchirappalli,0.1,33.1
2026-05-22,Tiruchirappalli,0.0,33.1
2026-05-23,Tiruchirappalli,1.5,31.7
2026-05-24,Tiruchirappalli,1.2,32.0
2026-05-17,Tirunelveli,3.5,32.5
2026-05-18,Tirunelveli,3.0,31.6
2026-05-19,Tirunelveli,0.5,31.8
2026-05-20,Tirunelveli,0.6,32.6
2026-05-21,Tirunelveli,0.5,33.2
2026-05-22,Tirunelveli,1.9,32.8
2026-05-23,Tirunelveli,2.1,32.7
2026-05-24,Tirunelveli,3.1,33.1
2026-05-17,Tiruppur,4.8,30.8
2026-05-18,Tiruppur,1.3,29.9
2026-05-19,Tiruppur,0.0,30.9
2026-05-20,Tiruppur,0.9,31.1
2026-05-21,Tiruppur,0.0,31.9
2026-05-22,Tiruppur,1.1,31.1
2026-05-23,Tiruppur,6.6,30.2
2026-05-24,Tiruppur,2.8,30.8
2026-05-17,Tumakuru,1.0,26.8
2026-05-18,Tumakuru,7.6,27.8
2026-05-19,Tumakuru,2.1,26.2
2026-05-20,Tumakuru,0.9,26.7
2026-05-21,Tumakuru,0.0,27.8
2026-05-22,Tumakuru,1.0,26.2
2026-05-23,Tumakuru,8.1,25.8
2026-05-24,Tumakuru,10.5,26.3
2026-05-17,Tumkur,1.0,26.8
2026-05-18,Tumkur,7.6,27.8
2026-05-19,Tumkur,2.1,26.2
2026-05-20,Tumkur,0.9,26.7
2026-05-21,Tumkur,0.0,27.8
2026-05-22,Tumkur,1.0,26.2
2026-05-23,Tumkur,8.1,25.8
2026-05-24,Tumkur,10.5,26.3
2026-05-17,Udaipur,0.0,34.5
2026-05-18,Udaipur,0.0,35.4
2026-05-19,Udaipur,0.0,33.9
2026-05-20,Udaipur,0.0,32.4
2026-05-21,Udaipur,0.0,31.8
2026-05-22,Udaipur,0.0,33.0
2026-05-23,Udaipur,0.0,33.6
2026-05-24,Udaipur,0.0,33.5
2026-05-17,Vadodara,0.0,36.0
2026-05-18,Vadodara,0.0,37.3
2026-05-19,Vadodara,0.0,36.0
2026-05-20,Vadodara,0.0,34.7
2026-05-21,Vadodara,0.0,34.8
2026-05-22,Vadodara,0.0,35.4
2026-05-23,Vadodara,0.1,35.1
2026-05-24,Vadodara,0.0,35.7
2026-05-17,Varanasi,41.4,36.0
2026-05-18,Varanasi,51.0,37.1
2026-05-19,Varanasi,0.0,35.0
2026-05-20,Varanasi,0.0,36.3
2026-05-21,Varanasi,0.0,38.0
2026-05-22,Varanasi,0.0,36.2
2026-05-23,Varanasi,0.0,37.5
2026-05-24,Varanasi,49.5,38.0
2026-05-17,Vasai,0.3,31.1
2026-05-18,Vasai,0.0,30.6
2026-05-19,Vasai,0.0,30.7
2026-05-20,Vasai,0.0,30.9
2026-05-21,Vasai,0.0,31.6
2026-05-22,Vasai,0.7,31.5
2026-05-23,Vasai,0.0,32.4
2026-05-24,Vasai,3.6,30.9
2026-05-17,Vijayawada,2.6,33.6
2026-05-18,Vijayawada,0.1,33.9
2026-05-19,Vijayawada,0.1,35.0
2026-05-20,Vijayawada,0.0,36.8
2026-05-21,Vijayawada,0.0,38.0
2026-05-22,Vijayawada,0.3,37.0
2026-05-23,Vijayawada,0.0,36.4
2026-05-24,Vijayawada,0.4,37.2
2026-05-17,Virudhunagar,2.2,31.6
2026-05-18,Virudhunagar,1.0,31.8
2026-05-19,Virudhunagar,0.2,32.0
2026-05-20,Virudhunagar,1.1,33.9
2026-05-21,Virudhunagar,3.8,34.5
2026-05-22,Virudhunagar,0.3,34.0
2026-05-23,Virudhunagar,2.9,33.6
2026-05-24,Virudhunagar,8.3,33.8
2026-05-17,Visakhapatnam,0.0,31.0
2026-05-18,Visakhapatnam,0.0,31.8
2026-05-19,Visakhapatnam,0.0,31.9
2026-05-20,Visakhapatnam,0.4,33.8
2026-05-21,Visakhapatnam,1.1,35.2
2026-05-22,Visakhapatnam,0.1,34.0
2026-05-23,Visakhapatnam,0.2,36.2
2026-05-24,Visakhapatnam,0.0,34.4
2026-05-17,Warangal,0.0,32.1
2026-05-18,Warangal,0.0,32.2
2026-05-19,Warangal,0.2,33.1
2026-05-20,Warangal,0.0,35.5
2026-05-21,Warangal,0.0,37.2
2026-05-22,Warangal,0.0,36.8
2026-05-23,Warangal,0.0,36.6
2026-05-24,Warangal,0.0,36.5
