date,city,rainfall_mm,temperature
2025-12-23,Agra,0.0,16.5
2025-12-24,Agra,0.0,16.2
2025-12-25,Agra,0.0,13.8
2025-12-26,Agra,0.0,13.9
2025-12-27,Agra,0.0,13.9
2025-12-28,Agra,0.0,13.2
2025-12-29,Agra,0.0,12.9
2025-12-30,Agra,0.0,14.4
2025-12-23,Ahmedabad,47.8,23.3
2025-12-24,Ahmedabad,35.3,23.1
2025-12-25,Ahmedabad,0.0,22.1
2025-12-26,Ahmedabad,0.0,21.8
2025-12-27,Ahmedabad,0.0,21.6
2025-12-28,Ahmedabad,0.0,21.8
2025-12-29,Ahmedabad,0.0,22.0
2025-12-30,Ahmedabad,53.7,22.1
2025-12-23,Ahmednagar,0.0,20.0
2025-12-24,Ahmednagar,0.0,19.9
2025-12-25,Ahmednagar,0.0,20.2
2025-12-26,Ahmednagar,0.0,19.9
2025-12-27,Ahmednagar,0.0,20.6
2025-12-28,Ahmednagar,0.0,20.6
2025-12-29,Ahmednagar,0.0,20.6
2025-12-30,Ahmednagar,0.0,21.1
2025-12-23,Akola,0.0,20.1
2025-12-24,Akola,0.0,20.1
2025-12-25,Akola,0.0,19.1
2025-12-26,Akola,0.0,19.0
2025-12-27,Akola,0.0,19.4
2025-12-28,Akola,0.0,19.2
2025-12-29,Akola,0.0,19.2
2025-12-30,Akola,0.0,19.6
2025-12-23,Aligarh,0.0,16.1
2025-12-24,Aligarh,0.0,15.4
2025-12-25,Aligarh,0.0,13.9
2025-12-26,Aligarh,0.0,13.9
2025-12-27,Aligarh,0.0,13.3
2025-12-28,Aligarh,0.0,12.9
2025-12-29,Aligarh,0.0,12.6
2025-12-30,Aligarh,0.0,12.6
2025-12-23,Allahabad,0.0,14.0
2025-12-24,Allahabad,0.0,16.4
2025-12-25,Allahabad,0.0,14.4
2025-12-26,Allahabad,0.0,13.9
2025-12-27,Allahabad,0.0,14.8
2025-12-28,Allahabad,0.0,13.2
2025-12-29,Allahabad,0.0,13.4
2025-12-30,Allahabad,0.0,13.6
2025-12-23,Alwar,0.0,18.0
2025-12-24,Alwar,0.0,16.4
2025-12-25,Alwar,0.0,14.0
2025-12-26,Alwar,0.0,15.8
2025-12-27,Alwar,0.0,15.2
2025-12-28,Alwar,0.0,16.7
2025-12-29,Alwar,0.0,16.4
2025-12-30,Alwar,0.0,17.4
2025-12-23,Amravati,0.0,20.1
2025-12-24,Amravati,0.0,19.6
2025-12-25,Amravati,0.0,19.1
2025-12-26,Amravati,0.0,19.6
2025-12-27,Amravati,0.0,20.4
2025-12-28,Amravati,0.0,20.4
2025-12-29,Amravati,0.0,20.1
2025-12-30,Amravati,0.0,19.1
2025-12-23,Amritsar,0.0,15.7
2025-12-24,Amritsar,0.0,14.8
2025-12-25,Amritsar,0.0,14.1
2025-12-26,Amritsar,0.0,14.9
2025-12-27,Amritsar,0.0,13.6
2025-12-28,Amritsar,0.0,12.4
2025-12-29,Amritsar,0.0,11.5
2025-12-30,Amritsar,0.0,12.0
2025-12-23,Anantapur,0.0,22.4
2025-12-24,Anantapur,0.0,21.4
2025-12-25,Anantapur,0.0,22.0
2025-12-26,Anantapur,0.0,23.1
2025-12-27,Anantapur,0.0,22.6
2025-12-28,Anantapur,0.0,21.8
2025-12-29,Anantapur,0.0,22.4
2025-12-30,Anantapur,0.0,22.9
2025-12-23,Arrah,0.0,14.5
2025-12-24,Arrah,0.0,15.7
2025-12-25,Arrah,0.0,15.8
2025-12-26,Arrah,0.0,15.2
2025-12-27,Arrah,0.0,14.0
2025-12-28,Arrah,0.0,13.7
2025-12-29,Arrah,0.0,13.4
2025-12-30,Arrah,0.0,13.4
2025-12-23,Asansol,0.0,16.4
2025-12-24,Asansol,0.0,16.0
2025-12-25,Asansol,0.0,16.5
2025-12-26,Asansol,0.0,16.2
2025-12-27,Asansol,0.0,16.4
2025-12-28,Asansol,0.0,14.9
2025-12-29,Asansol,0.0,14.1
2025-12-30,Asansol,0.0,14.3
2025-12-23,Aurangabad,0.0,20.4
2025-12-24,Aurangabad,0.0,19.9
2025-12-25,Aurangabad,0.0,19.6
2025-12-26,Aurangabad,0.0,19.9
2025-12-27,Aurangabad,0.0,20.2
2025-12-28,Aurangabad,0.0,20.1
2025-12-29,Aurangabad,0.0,20.3
2025-12-30,Aurangabad,0.0,19.8
2025-12-23,Avadi,0.0,23.4
2025-12-24,Avadi,0.0,24.1
2025-12-25,Avadi,0.0,23.7
2025-12-26,Avadi,0.0,24.6
2025-12-27,Avadi,0.0,24.2
2025-12-28,Avadi,0.0,23.8
2025-12-29,Avadi,0.0,23.8
2025-12-30,Avadi,0.0,24.2
2025-12-23,Bangalore,47.0,19.8
2025-12-24,Bangalore,34.5,20.1
2025-12-25,Bangalore,0.0,20.2
2025-12-26,Bangalore,0.0,21.6
2025-12-27,Bangalore,0.0,20.5
2025-12-28,Bangalore,0.0,20.4
2025-12-29,Bangalore,52.4,20.8
2025-12-30,Bangalore,55.971896377435776,21.5
2025-12-23,Barasat,0.0,19.0
2025-12-24,Barasat,0.0,18.8
2025-12-25,Barasat,0.0,16.1
2025-12-26,Barasat,0.0,16.6
2025-12-27,Barasat,0.0,17.6
2025-12-28,Barasat,0.0,16.8
2025-12-29,Barasat,0.0,14.9
2025-12-30,Barasat,0.0,14.6
2025-12-23,Bardhaman,0.0,17.3
2025-12-24,Bardhaman,0.0,16.8
2025-12-25,Bardhaman,0.0,15.3
2025-12-26,Bardhaman,0.0,15.1
2025-12-27,Bardhaman,0.0,16.6
2025-12-28,Bardhaman,0.0,16.1
2025-12-29,Bardhaman,0.0,13.4
2025-12-30,Bardhaman,0.0,13.7
2025-12-23,Bareilly,0.0,14.3
2025-12-24,Bareilly,0.0,15.5
2025-12-25,Bareilly,0.0,15.1
2025-12-26,Bareilly,0.0,14.6
2025-12-27,Bareilly,0.0,13.0
2025-12-28,Bareilly,0.0,13.9
2025-12-29,Bareilly,0.0,13.8
2025-12-30,Bareilly,0.0,12.9
2025-12-23,Bathinda,0.0,16.1
2025-12-24,Bathinda,0.0,14.9
2025-12-25,Bathinda,0.0,14.0
2025-12-26,Bathinda,0.0,15.2
2025-12-27,Bathinda,0.0,14.3
2025-12-28,Bathinda,0.0,13.0
2025-12-29,Bathinda,0.0,12.0
2025-12-30,Bathinda,0.0,12.8
2025-12-23,Begusarai,0.0,15.2
2025-12-24,Begusarai,0.0,15.8
2025-12-25,Begusarai,0.0,16.2
2025-12-26,Begusarai,0.0,15.4
2025-12-27,Begusarai,0.0,15.0
2025-12-28,Begusarai,0.0,14.5
2025-12-29,Begusarai,0.0,13.9
2025-12-30,Begusarai,0.0,13.4
2025-12-23,Belgaum,0.0,20.3
2025-12-24,Belgaum,0.0,19.6
2025-12-25,Belgaum,0.0,19.6
2025-12-26,Belgaum,0.0,19.8
2025-12-27,Belgaum,0.0,20.5
2025-12-28,Belgaum,0.0,20.1
2025-12-29,Belgaum,0.0,20.4
2025-12-30,Belgaum,0.0,20.8
2025-12-23,Bellary,0.0,21.6
2025-12-24,Bellary,0.0,21.1
2025-12-25,Bellary,0.0,21.1
2025-12-26,Bellary,0.0,21.6
2025-12-27,Bellary,0.0,21.6
2025-12-28,Bellary,0.0,21.1
2025-12-29,Bellary,0.0,21.4
2025-12-30,Bellary,0.0,21.9
2025-12-23,Bhagalpur,0.0,15.7
2025-12-24,Bhagalpur,0.0,15.8
2025-12-25,Bhagalpur,0.0,16.0
2025-12-26,Bhagalpur,0.0,15.7
2025-12-27,Bhagalpur,0.0,15.1
2025-12-28,Bhagalpur,0.0,14.6
2025-12-29,Bhagalpur,0.0,13.9
2025-12-30,Bhagalpur,0.0,13.4
2025-12-23,Bharatpur,0.0,16.6
2025-12-24,Bharatpur,0.0,16.4
2025-12-25,Bharatpur,0.0,14.5
2025-12-26,Bharatpur,0.0,13.8
2025-12-27,Bharatpur,0.0,13.7
2025-12-28,Bharatpur,0.0,14.1
2025-12-29,Bharatpur,0.0,13.3
2025-12-30,Bharatpur,0.0,13.8
2025-12-23,Bhilwara,0.0,20.4
2025-12-24,Bhilwara,0.0,18.8
2025-12-25,Bhilwara,0.0,17.0
2025-12-26,Bhilwara,0.0,16.9
2025-12-27,Bhilwara,0.0,16.1
2025-12-28,Bhilwara,0.0,16.6
2025-12-29,Bhilwara,0.0,17.7
2025-12-30,Bhilwara,0.0,17.4
2025-12-23,Bhopal,0.0,18.6
2025-12-24,Bhopal,0.0,19.2
2025-12-25,Bhopal,0.0,17.1
2025-12-26,Bhopal,0.0,16.4
2025-12-27,Bhopal,0.0,15.8
2025-12-28,Bhopal,0.0,16.1
2025-12-29,Bhopal,0.0,16.1
2025-12-30,Bhopal,0.0,16.9
2025-12-23,Bhubaneswar,0.0,20.2
2025-12-24,Bhubaneswar,0.0,21.2
2025-12-25,Bhubaneswar,0.0,21.1
2025-12-26,Bhubaneswar,0.0,20.3
2025-12-27,Bhubaneswar,0.0,20.2
2025-12-28,Bhubaneswar,0.0,20.9
2025-12-29,Bhubaneswar,0.0,20.0
2025-12-30,Bhubaneswar,0.0,19.9
2025-12-23,Bhusawal,0.0,22.2
2025-12-24,Bhusawal,0.0,20.8
2025-12-25,Bhusawal,0.0,20.7
2025-12-26,Bhusawal,0.0,21.2
2025-12-27,Bhusawal,0.0,21.4
2025-12-28,Bhusawal,0.0,21.1
2025-12-29,Bhusawal,0.0,20.9
2025-12-30,Bhusawal,0.0,20.2
2025-12-23,Bidar,0.0,20.6
2025-12-24,Bidar,0.0,20.1
2025-12-25,Bidar,0.0,20.4
2025-12-26,Bidar,0.0,20.6
2025-12-27,Bidar,0.0,20.7
2025-12-28,Bidar,0.0,20.2
2025-12-29,Bidar,0.0,20.5
2025-12-30,Bidar,0.0,21.2
2025-12-23,Bijapur,0.0,21.5
2025-12-24,Bijapur,0.0,20.5
2025-12-25,Bijapur,0.0,20.7
2025-12-26,Bijapur,0.0,20.8
2025-12-27,Bijapur,0.0,21.0
2025-12-28,Bijapur,0.0,20.8
2025-12-29,Bijapur,0.0,20.9
2025-12-30,Bijapur,0.0,21.4
2025-12-23,Bilaspur,0.0,17.8
2025-12-24,Bilaspur,0.0,17.5
2025-12-25,Bilaspur,0.0,18.7
2025-12-26,Bilaspur,0.0,18.8
2025-12-27,Bilaspur,0.0,18.1
2025-12-28,Bilaspur,0.0,18.0
2025-12-29,Bilaspur,0.0,17.7
2025-12-30,Bilaspur,0.0,18.1
2025-12-23,Bokaro Steel City,0.0,16.1
2025-12-24,Bokaro Steel City,0.0,15.2
2025-12-25,Bokaro Steel City,0.0,14.4
2025-12-26,Bokaro Steel City,0.0,14.1
2025-12-27,Bokaro Steel City,0.0,14.6
2025-12-28,Bokaro Steel City,0.0,14.0
2025-12-29,Bokaro Steel City,0.0,13.9
2025-12-30,Bokaro Steel City,0.0,14.1
2025-12-23,Chandigarh,0.0,15.5
2025-12-24,Chandigarh,0.0,15.6
2025-12-25,Chandigarh,0.0,13.6
2025-12-26,Chandigarh,0.0,13.6
2025-12-27,Chandigarh,0.0,12.8
2025-12-28,Chandigarh,0.0,12.5
2025-12-29,Chandigarh,0.0,11.4
2025-12-30,Chandigarh,0.0,11.9
2025-12-23,Chandrapur,0.0,19.6
2025-12-24,Chandrapur,0.0,18.9
2025-12-25,Chandrapur,0.0,19.6
2025-12-26,Chandrapur,0.0,19.6
2025-12-27,Chandrapur,0.0,19.6
2025-12-28,Chandrapur,0.0,19.0
2025-12-29,Chandrapur,0.0,19.2
2025-12-30,Chandrapur,0.0,19.8
2025-12-23,Chennai,37.3,24.5
2025-12-24,Chennai,48.0,25.4
2025-12-25,Chennai,37.6,24.5
2025-12-26,Chennai,0.0,25.7
2025-12-27,Chennai,0.0,25.3
2025-12-28,Chennai,0.0,24.9
2025-12-29,Chennai,0.0,25.2
2025-12-30,Chennai,59.52052845820471,25.2
2025-12-23,Chikkaballapur,0.0,18.4
2025-12-24,Chikkaballapur,0.0,18.6
2025-12-25,Chikkaballapur,0.0,18.9
2025-12-26,Chikkaballapur,0.0,21.1
2025-12-27,Chikkaballapur,0.0,19.9
2025-12-28,Chikkaballapur,0.0,19.8
2025-12-29,Chikkaballapur,0.0,19.5
2025-12-30,Chikkaballapur,0.0,20.6
2025-12-23,Chitradurga,0.0,20.2
2025-12-24,Chitradurga,0.0,19.8
2025-12-25,Chitradurga,0.0,20.3
2025-12-26,Chitradurga,0.0,21.3
2025-12-27,Chitradurga,0.0,21.5
2025-12-28,Chitradurga,0.0,20.0
2025-12-29,Chitradurga,0.0,20.9
2025-12-30,Chitradurga,0.0,21.9
2025-12-23,Coimbatore,0.0,23.9
2025-12-24,Coimbatore,0.0,23.9
2025-12-25,Coimbatore,0.0,23.5
2025-12-26,Coimbatore,0.5,23.8
2025-12-27,Coimbatore,1.1,23.8
2025-12-28,Coimbatore,0.0,23.8
2025-12-29,Coimbatore,0.0,24.0
2025-12-30,Coimbatore,0.0,24.8
2025-12-23,Darbhanga,0.0,15.1
2025-12-24,Darbhanga,0.0,15.6
2025-12-25,Darbhanga,0.0,15.2
2025-12-26,Darbhanga,0.0,14.8
2025-12-27,Darbhanga,0.0,14.2
2025-12-28,Darbhanga,0.0,14.4
2025-12-29,Darbhanga,0.0,13.8
2025-12-30,Darbhanga,0.0,12.8
2025-12-23,Davangere,0.0,21.1
2025-12-24,Davangere,0.0,21.0
2025-12-25,Davangere,0.0,20.9
2025-12-26,Davangere,0.0,21.2
2025-12-27,Davangere,0.0,21.9
2025-12-28,Davangere,0.0,20.9
2025-12-29,Davangere,0.0,21.6
2025-12-30,Davangere,0.0,22.4
2025-12-23,Dehradun,0.0,15.7
2025-12-24,Dehradun,0.0,13.8
2025-12-25,Dehradun,0.0,13.3
2025-12-26,Dehradun,0.0,12.5
2025-12-27,Dehradun,0.0,13.2
2025-12-28,Dehradun,0.0,13.6
2025-12-29,Dehradun,0.0,12.5
2025-12-30,Dehradun,0.0,12.8
2025-12-23,Delhi,44.5,16.7
2025-12-24,Delhi,53.7,16.0
2025-12-25,Delhi,0.0,15.0
2025-12-26,Delhi,0.0,14.7
2025-12-27,Delhi,0.0,14.8
2025-12-28,Delhi,0.0,14.1
2025-12-29,Delhi,0.0,13.6
2025-12-30,Delhi,55.36006729917118,13.8
2025-12-23,Dewas,0.0,18.9
2025-12-24,Dewas,0.0,18.2
2025-12-25,Dewas,0.0,17.7
2025-12-26,Dewas,0.0,16.9
2025-12-27,Dewas,0.0,16.5
2025-12-28,Dewas,0.0,16.9
2025-12-29,Dewas,0.0,17.5
2025-12-30,Dewas,0.0,17.9
2025-12-23,Dhanbad,0.0,16.1
2025-12-24,Dhanbad,0.0,15.4
2025-12-25,Dhanbad,0.0,14.9
2025-12-26,Dhanbad,0.0,14.2
2025-12-27,Dhanbad,0.0,14.8
2025-12-28,Dhanbad,0.0,14.1
2025-12-29,Dhanbad,0.0,14.1
2025-12-30,Dhanbad,0.0,14.3
2025-12-23,Dharmapuri,0.0,22.6
2025-12-24,Dharmapuri,0.0,22.9
2025-12-25,Dharmapuri,0.0,22.6
2025-12-26,Dharmapuri,0.0,24.0
2025-12-27,Dharmapuri,0.0,23.0
2025-12-28,Dharmapuri,0.0,23.4
2025-12-29,Dharmapuri,0.0,23.3
2025-12-30,Dharmapuri,0.0,23.9
2025-12-23,Dhule,0.0,21.2
2025-12-24,Dhule,0.0,21.0
2025-12-25,Dhule,0.0,20.2
2025-12-26,Dhule,0.0,20.1
2025-12-27,Dhule,0.0,20.4
2025-12-28,Dhule,0.0,20.4
2025-12-29,Dhule,0.0,20.4
2025-12-30,Dhule,0.0,20.4
2025-12-23,Dindigul,0.0,23.6
2025-12-24,Dindigul,0.0,24.0
2025-12-25,Dindigul,0.0,23.9
2025-12-26,Dindigul,0.1,24.5
2025-12-27,Dindigul,0.0,24.0
2025-12-28,Dindigul,0.0,24.2
2025-12-29,Dindigul,0.0,24.4
2025-12-30,Dindigul,0.0,24.8
2025-12-23,Durg,0.0,18.0
2025-12-24,Durg,0.0,19.1
2025-12-25,Durg,0.0,18.6
2025-12-26,Durg,0.0,18.9
2025-12-27,Durg,0.0,18.5
2025-12-28,Durg,0.0,18.0
2025-12-29,Durg,0.0,17.9
2025-12-30,Durg,0.0,18.6
2025-12-23,Eluru,0.0,23.2
2025-12-24,Eluru,0.0,23.3
2025-12-25,Eluru,0.0,23.1
2025-12-26,Eluru,0.0,23.0
2025-12-27,Eluru,0.0,24.0
2025-12-28,Eluru,0.0,23.0
2025-12-29,Eluru,0.0,23.1
2025-12-30,Eluru,0.0,22.9
2025-12-23,Erode,0.0,25.5
2025-12-24,Erode,0.0,25.6
2025-12-25,Erode,0.0,25.2
2025-12-26,Erode,0.2,25.4
2025-12-27,Erode,0.0,25.6
2025-12-28,Erode,0.0,25.6
2025-12-29,Erode,0.0,25.8
2025-12-30,Erode,0.0,25.8
2025-12-23,Etawah,0.0,16.8
2025-12-24,Etawah,0.0,16.1
2025-12-25,Etawah,0.0,14.1
2025-12-26,Etawah,0.0,14.2
2025-12-27,Etawah,0.0,14.6
2025-12-28,Etawah,0.0,14.2
2025-12-29,Etawah,0.0,13.4
2025-12-30,Etawah,0.0,14.0
2025-12-23,Faridabad,0.0,16.1
2025-12-24,Faridabad,0.0,15.8
2025-12-25,Faridabad,0.0,15.1
2025-12-26,Faridabad,0.0,14.5
2025-12-27,Faridabad,0.0,14.1
2025-12-28,Faridabad,0.0,13.6
2025-12-29,Faridabad,0.0,12.3
2025-12-30,Faridabad,0.0,13.7
2025-12-23,Farrukhabad,0.0,15.1
2025-12-24,Farrukhabad,0.0,15.8
2025-12-25,Farrukhabad,0.0,14.6
2025-12-26,Farrukhabad,0.0,15.1
2025-12-27,Farrukhabad,0.0,13.9
2025-12-28,Farrukhabad,0.0,14.7
2025-12-29,Farrukhabad,0.0,13.4
2025-12-30,Farrukhabad,0.0,12.6
2025-12-23,Gandhinagar,0.0,22.9
2025-12-24,Gandhinagar,0.0,22.9
2025-12-25,Gandhinagar,0.0,21.6
2025-12-26,Gandhinagar,0.0,21.4
2025-12-27,Gandhinagar,0.0,21.1
2025-12-28,Gandhinagar,0.0,21.4
2025-12-29,Gandhinagar,0.0,21.6
2025-12-30,Gandhinagar,0.0,21.6
2025-12-23,Ghaziabad,0.0,16.4
2025-12-24,Ghaziabad,0.0,15.9
2025-12-25,Ghaziabad,0.0,14.6
2025-12-26,Ghaziabad,0.0,14.1
2025-12-27,Ghaziabad,0.0,14.3
2025-12-28,Ghaziabad,0.0,13.3
2025-12-29,Ghaziabad,0.0,12.6
2025-12-30,Ghaziabad,0.0,13.0
2025-12-23,Gorakhpur,0.0,14.7
2025-12-24,Gorakhpur,0.0,15.5
2025-12-25,Gorakhpur,0.0,14.4
2025-12-26,Gorakhpur,0.0,14.6
2025-12-27,Gorakhpur,0.0,14.6
2025-12-28,Gorakhpur,0.0,14.4
2025-12-29,Gorakhpur,0.0,13.4
2025-12-30,Gorakhpur,0.0,13.1
2025-12-23,Greater Noida,0.0,16.6
2025-12-24,Greater Noida,0.0,16.0
2025-12-25,Greater Noida,0.0,14.9
2025-12-26,Greater Noida,0.0,14.7
2025-12-27,Greater Noida,0.0,14.7
2025-12-28,Greater Noida,0.0,13.9
2025-12-29,Greater Noida,0.0,12.7
2025-12-30,Greater Noida,0.0,14.2
2025-12-23,Gulbarga,0.0,22.8
2025-12-24,Gulbarga,0.0,21.8
2025-12-25,Gulbarga,0.0,21.9
2025-12-26,Gulbarga,0.0,22.1
2025-12-27,Gulbarga,0.0,22.2
2025-12-28,Gulbarga,0.0,21.9
2025-12-29,Gulbarga,0.0,22.2
2025-12-30,Gulbarga,0.0,22.5
2025-12-23,Gurgaon,0.0,16.2
2025-12-24,Gurgaon,0.0,15.8
2025-12-25,Gurgaon,0.0,15.0
2025-12-26,Gurgaon,0.0,14.4
2025-12-27,Gurgaon,0.0,14.6
2025-12-28,Gurgaon,0.0,13.6
2025-12-29,Gurgaon,0.0,13.7
2025-12-30,Gurgaon,0.0,13.6
2025-12-23,Guwahati,0.0,20.1
2025-12-24,Guwahati,0.0,21.0
2025-12-25,Guwahati,0.0,20.1
2025-12-26,Guwahati,0.0,20.1
2025-12-27,Guwahati,0.0,20.1
2025-12-28,Guwahati,0.0,19.1
2025-12-29,Guwahati,0.0,18.1
2025-12-30,Guwahati,0.0,17.4
2025-12-23,Gwalior,0.0,17.5
2025-12-24,Gwalior,0.0,17.8
2025-12-25,Gwalior,0.0,15.1
2025-12-26,Gwalior,0.0,15.0
2025-12-27,Gwalior,0.0,15.1
2025-12-28,Gwalior,0.0,15.0
2025-12-29,Gwalior,0.0,15.5
2025-12-30,Gwalior,0.0,16.1
2025-12-23,Hapur,0.0,15.9
2025-12-24,Hapur,0.0,15.3
2025-12-25,Hapur,0.0,14.2
2025-12-26,Hapur,0.0,13.7
2025-12-27,Hapur,0.0,13.6
2025-12-28,Hapur,0.0,12.8
2025-12-29,Hapur,0.0,11.8
2025-12-30,Hapur,0.0,12.3
2025-12-23,Hassan,0.0,18.9
2025-12-24,Hassan,0.0,18.5
2025-12-25,Hassan,0.0,18.6
2025-12-26,Hassan,0.0,19.6
2025-12-27,Hassan,0.0,19.6
2025-12-28,Hassan,0.0,19.2
2025-12-29,Hassan,0.0,20.1
2025-12-30,Hassan,0.0,21.4
2025-12-23,Hospet,0.0,22.6
2025-12-24,Hospet,0.0,22.3
2025-12-25,Hospet,0.0,22.6
2025-12-26,Hospet,0.0,21.9
2025-12-27,Hospet,0.0,22.7
2025-12-28,Hospet,0.0,22.0
2025-12-29,Hospet,0.0,22.4
2025-12-30,Hospet,0.0,23.2
2025-12-23,Hosur,0.0,19.3
2025-12-24,Hosur,0.0,19.4
2025-12-25,Hosur,0.0,19.1
2025-12-26,Hosur,0.1,20.6
2025-12-27,Hosur,0.0,19.7
2025-12-28,Hosur,0.0,19.9
2025-12-29,Hosur,0.0,19.8
2025-12-30,Hosur,0.0,20.8
2025-12-23,Hubli,0.0,20.3
2025-12-24,Hubli,0.0,19.9
2025-12-25,Hubli,0.0,19.9
2025-12-26,Hubli,0.0,19.8
2025-12-27,Hubli,0.0,20.8
2025-12-28,Hubli,0.0,20.2
2025-12-29,Hubli,0.0,20.4
2025-12-30,Hubli,0.0,20.6
2025-12-23,Hyderabad,43.5,20.6
2025-12-24,Hyderabad,48.8,20.1
2025-12-25,Hyderabad,0.0,19.9
2025-12-26,Hyderabad,0.0,20.3
2025-12-27,Hyderabad,0.0,20.8
2025-12-28,Hyderabad,0.0,20.2
2025-12-29,Hyderabad,0.0,20.5
2025-12-30,Hyderabad,0.0,20.9
2025-12-23,Ichalkaranji,0.0,21.2
2025-12-24,Ichalkaranji,0.0,21.0
2025-12-25,Ichalkaranji,0.0,20.8
2025-12-26,Ichalkaranji,0.0,20.4
2025-12-27,Ichalkaranji,0.0,21.4
2025-12-28,Ichalkaranji,0.0,21.0
2025-12-29,Ichalkaranji,0.0,21.4
2025-12-30,Ichalkaranji,0.0,21.6
2025-12-23,Imphal,0.0,13.8
2025-12-24,Imphal,0.0,13.8
2025-12-25,Imphal,0.0,13.4
2025-12-26,Imphal,0.0,13.3
2025-12-27,Imphal,0.0,13.8
2025-12-28,Imphal,0.0,13.9
2025-12-29,Imphal,0.0,12.8
2025-12-30,Imphal,0.0,12.6
2025-12-23,Indore,0.0,18.8
2025-12-24,Indore,0.0,18.2
2025-12-25,Indore,0.0,17.6
2025-12-26,Indore,0.0,16.8
2025-12-27,Indore,0.0,16.4
2025-12-28,Indore,0.0,16.7
2025-12-29,Indore,0.0,16.9
2025-12-30,Indore,0.0,17.0
2025-12-23,Jabalpur,0.0,16.8
2025-12-24,Jabalpur,0.0,17.6
2025-12-25,Jabalpur,0.0,16.9
2025-12-26,Jabalpur,0.0,16.6
2025-12-27,Jabalpur,0.0,15.9
2025-12-28,Jabalpur,0.0,15.2
2025-12-29,Jabalpur,0.0,15.9
2025-12-30,Jabalpur,0.0,15.8
2025-12-23,Jaipur,37.3,20.6
2025-12-24,Jaipur,48.1,17.5
2025-12-25,Jaipur,0.0,15.9
2025-12-26,Jaipur,0.0,16.2
2025-12-27,Jaipur,0.0,15.2
2025-12-28,Jaipur,0.0,16.4
2025-12-29,Jaipur,49.3,17.2
2025-12-30,Jaipur,0.0,16.7
2025-12-23,Jalandhar,0.0,15.8
2025-12-24,Jalandhar,0.0,15.1
2025-12-25,Jalandhar,0.0,13.1
2025-12-26,Jalandhar,0.0,14.2
2025-12-27,Jalandhar,0.0,13.1
2025-12-28,Jalandhar,0.0,11.9
2025-12-29,Jalandhar,0.0,11.6
2025-12-30,Jalandhar,0.0,11.9
2025-12-23,Jalgaon,0.0,20.5
2025-12-24,Jalgaon,0.0,20.1
2025-12-25,Jalgaon,0.0,20.0
2025-12-26,Jalgaon,0.0,20.6
2025-12-27,Jalgaon,0.0,21.5
2025-12-28,Jalgaon,0.0,20.9
2025-12-29,Jalgaon,0.0,20.5
2025-12-30,Jalgaon,0.0,20.0
2025-12-23,Jalna,0.0,19.9
2025-12-24,Jalna,0.0,19.0
2025-12-25,Jalna,0.0,19.2
2025-12-26,Jalna,0.0,19.4
2025-12-27,Jalna,0.0,20.1
2025-12-28,Jalna,0.0,19.7
2025-12-29,Jalna,0.0,19.4
2025-12-30,Jalna,0.0,19.5
2025-12-23,Jamshedpur,46.4,18.1
2025-12-24,Jamshedpur,0.0,18.6
2025-12-25,Jamshedpur,0.0,16.6
2025-12-26,Jamshedpur,0.0,16.6
2025-12-27,Jamshedpur,50.2,16.6
2025-12-28,Jamshedpur,0.0,17.2
2025-12-29,Jamshedpur,0.0,16.9
2025-12-30,Jamshedpur,0.0,16.9
2025-12-23,Junagadh,0.0,23.1
2025-12-24,Junagadh,0.0,22.8
2025-12-25,Junagadh,0.0,22.6
2025-12-26,Junagadh,0.0,22.0
2025-12-27,Junagadh,0.0,22.1
2025-12-28,Junagadh,0.0,22.9
2025-12-29,Junagadh,0.0,23.1
2025-12-30,Junagadh,0.0,21.9
2025-12-23,Kadapa,0.0,23.2
2025-12-24,Kadapa,0.0,22.5
2025-12-25,Kadapa,0.0,21.6
2025-12-26,Kadapa,0.0,23.5
2025-12-27,Kadapa,0.0,22.0
2025-12-28,Kadapa,0.0,22.0
2025-12-29,Kadapa,0.0,21.9
2025-12-30,Kadapa,0.0,22.6
2025-12-23,Kalyan,0.0,24.6
2025-12-24,Kalyan,0.0,24.9
2025-12-25,Kalyan,0.0,23.9
2025-12-26,Kalyan,0.0,23.9
2025-12-27,Kalyan,0.0,24.0
2025-12-28,Kalyan,0.0,23.8
2025-12-29,Kalyan,0.0,23.4
2025-12-30,Kalyan,0.0,23.3
2025-12-23,Kanpur,0.0,15.8
2025-12-24,Kanpur,0.0,16.7
2025-12-25,Kanpur,0.0,14.7
2025-12-26,Kanpur,0.0,14.8
2025-12-27,Kanpur,0.0,15.1
2025-12-28,Kanpur,0.0,15.0
2025-12-29,Kanpur,0.0,13.5
2025-12-30,Kanpur,0.0,13.6
2025-12-23,Kanyakumari,0.0,28.5
2025-12-24,Kanyakumari,0.0,28.4
2025-12-25,Kanyakumari,0.0,27.9
2025-12-26,Kanyakumari,0.1,28.2
2025-12-27,Kanyakumari,0.0,27.9
2025-12-28,Kanyakumari,0.0,28.5
2025-12-29,Kanyakumari,0.0,28.5
2025-12-30,Kanyakumari,0.0,28.4
2025-12-23,Karimnagar,0.0,19.4
2025-12-24,Karimnagar,0.0,18.8
2025-12-25,Karimnagar,0.0,19.3
2025-12-26,Karimnagar,0.0,19.4
2025-12-27,Karimnagar,0.0,19.2
2025-12-28,Karimnagar,0.0,19.1
2025-12-29,Karimnagar,0.0,19.4
2025-12-30,Karimnagar,0.0,19.6
2025-12-23,Karnal,0.0,15.9
2025-12-24,Karnal,0.0,15.4
2025-12-25,Karnal,0.0,13.8
2025-12-26,Karnal,0.0,14.0
2025-12-27,Karnal,0.0,13.0
2025-12-28,Karnal,0.0,12.4
2025-12-29,Karnal,0.0,11.4
2025-12-30,Karnal,0.0,11.9
2025-12-23,Karur,0.0,24.9
2025-12-24,Karur,0.0,25.1
2025-12-25,Karur,0.0,25.0
2025-12-26,Karur,0.0,26.1
2025-12-27,Karur,0.0,24.7
2025-12-28,Karur,0.0,24.7
2025-12-29,Karur,0.0,25.0
2025-12-30,Karur,0.0,25.8
2025-12-23,Khammam,0.0,22.9
2025-12-24,Khammam,0.0,22.5
2025-12-25,Khammam,0.0,22.2
2025-12-26,Khammam,0.0,21.9
2025-12-27,Khammam,0.0,21.8
2025-12-28,Khammam,0.0,21.9
2025-12-29,Khammam,0.0,22.1
2025-12-30,Khammam,0.0,22.6
2025-12-23,Kochi,0.0,26.9
2025-12-24,Kochi,0.2,26.9
2025-12-25,Kochi,0.4,27.1
2025-12-26,Kochi,0.3,26.8
2025-12-27,Kochi,0.3,26.9
2025-12-28,Kochi,1.5,27.1
2025-12-29,Kochi,0.5,27.4
2025-12-30,Kochi,1.1,26.8
2025-12-23,Kolar,0.0,19.7
2025-12-24,Kolar,0.0,19.8
2025-12-25,Kolar,0.0,19.2
2025-12-26,Kolar,0.0,21.1
2025-12-27,Kolar,0.0,19.9
2025-12-28,Kolar,0.0,20.0
2025-12-29,Kolar,0.0,20.0
2025-12-30,Kolar,0.0,21.4
2025-12-23,Kolhapur,47.8,21.2
2025-12-24,Kolhapur,42.3,20.6
2025-12-25,Kolhapur,0.0,20.4
2025-12-26,Kolhapur,0.0,20.9
2025-12-27,Kolhapur,0.0,21.4
2025-12-28,Kolhapur,0.0,20.3
2025-12-29,Kolhapur,0.0,20.7
2025-12-30,Kolhapur,0.0,21.4
2025-12-23,Kolkata,41.4,18.4
2025-12-24,Kolkata,53.3,18.2
2025-12-25,Kolkata,42.2,15.5
2025-12-26,Kolkata,0.0,15.8
2025-12-27,Kolkata,0.0,16.9
2025-12-28,Kolkata,0.0,16.1
2025-12-29,Kolkata,0.0,14.3
2025-12-30,Kolkata,0.0,13.9
2025-12-23,Kollam,0.1,27.2
2025-12-24,Kollam,0.2,27.4
2025-12-25,Kollam,0.5,27.5
2025-12-26,Kollam,0.3,27.3
2025-12-27,Kollam,0.0,27.8
2025-12-28,Kollam,0.5,27.4
2025-12-29,Kollam,0.8,28.1
2025-12-30,Kollam,1.6,26.9
2025-12-23,Korba,0.0,18.5
2025-12-24,Korba,0.0,19.8
2025-12-25,Korba,0.0,19.6
2025-12-26,Korba,0.0,19.1
2025-12-27,Korba,0.0,18.5
2025-12-28,Korba,0.0,18.2
2025-12-29,Korba,0.0,18.8
2025-12-30,Korba,0.0,19.1
2025-12-23,Kozhikode,0.0,26.5
2025-12-24,Kozhikode,0.0,26.9
2025-12-25,Kozhikode,0.0,26.5
2025-12-26,Kozhikode,0.0,26.7
2025-12-27,Kozhikode,0.0,26.7
2025-12-28,Kozhikode,0.2,26.8
2025-12-29,Kozhikode,0.0,27.0
2025-12-30,Kozhikode,0.0,27.0
2025-12-23,Krishnagiri,0.0,22.5
2025-12-24,Krishnagiri,0.0,22.2
2025-12-25,Krishnagiri,0.1,21.6
2025-12-26,Krishnagiri,0.1,23.9
2025-12-27,Krishnagiri,0.0,22.6
2025-12-28,Krishnagiri,0.1,22.6
2025-12-29,Krishnagiri,0.0,22.5
2025-12-30,Krishnagiri,0.0,23.3
2025-12-23,Kurnool,0.0,23.0
2025-12-24,Kurnool,0.0,22.9
2025-12-25,Kurnool,0.0,23.2
2025-12-26,Kurnool,0.0,23.9
2025-12-27,Kurnool,0.0,23.5
2025-12-28,Kurnool,0.0,23.3
2025-12-29,Kurnool,0.0,23.1
2025-12-30,Kurnool,0.0,23.4
2025-12-23,Latur,0.0,19.7
2025-12-24,Latur,0.0,19.1
2025-12-25,Latur,0.0,18.8
2025-12-26,Latur,0.0,18.9
2025-12-27,Latur,0.0,19.8
2025-12-28,Latur,0.0,18.9
2025-12-29,Latur,0.0,18.7
2025-12-30,Latur,0.0,19.6
2025-12-23,Lucknow,0.0,15.8
2025-12-24,Lucknow,0.0,16.7
2025-12-25,Lucknow,0.0,15.7
2025-12-26,Lucknow,0.0,15.6
2025-12-27,Lucknow,0.0,15.1
2025-12-28,Lucknow,0.0,14.9
2025-12-29,Lucknow,0.0,14.2
2025-12-30,Lucknow,0.0,14.3
2025-12-23,Ludhiana,0.0,15.8
2025-12-24,Ludhiana,0.0,15.4
2025-12-25,Ludhiana,0.0,14.7
2025-12-26,Ludhiana,0.0,14.2
2025-12-27,Ludhiana,0.0,13.5
2025-12-28,Ludhiana,0.0,12.3
2025-12-29,Ludhiana,0.0,11.8
2025-12-30,Ludhiana,0.0,12.1
2025-12-23,Madurai,0.0,23.9
2025-12-24,Madurai,0.0,25.8
2025-12-25,Madurai,0.0,25.9
2025-12-26,Madurai,0.0,25.9
2025-12-27,Madurai,0.0,25.4
2025-12-28,Madurai,0.0,25.8
2025-12-29,Madurai,0.0,25.9
2025-12-30,Madurai,0.0,26.4
2025-12-23,Malegaon,0.0,19.1
2025-12-24,Malegaon,0.0,17.9
2025-12-25,Malegaon,0.0,17.8
2025-12-26,Malegaon,0.0,17.8
2025-12-27,Malegaon,0.0,18.1
2025-12-28,Malegaon,0.0,18.5
2025-12-29,Malegaon,0.0,18.5
2025-12-30,Malegaon,0.0,18.4
2025-12-23,Mandya,0.0,20.2
2025-12-24,Mandya,0.0,20.4
2025-12-25,Mandya,0.0,20.4
2025-12-26,Mandya,0.0,20.9
2025-12-27,Mandya,0.0,21.2
2025-12-28,Mandya,0.0,20.6
2025-12-29,Mandya,0.0,21.7
2025-12-30,Mandya,0.0,22.2
2025-12-23,Mangalore,0.0,27.2
2025-12-24,Mangalore,0.0,26.7
2025-12-25,Mangalore,0.0,27.1
2025-12-26,Mangalore,0.0,27.1
2025-12-27,Mangalore,0.0,27.1
2025-12-28,Mangalore,0.0,27.1
2025-12-29,Mangalore,0.0,27.3
2025-12-30,Mangalore,0.0,27.3
2025-12-23,Mathura,0.0,16.4
2025-12-24,Mathura,0.0,16.4
2025-12-25,Mathura,0.0,14.1
2025-12-26,Mathura,0.0,14.1
2025-12-27,Mathura,0.0,14.0
2025-12-28,Mathura,0.0,13.8
2025-12-29,Mathura,0.0,13.0
2025-12-30,Mathura,0.0,13.1
2025-12-23,Mau,0.0,14.6
2025-12-24,Mau,0.0,16.0
2025-12-25,Mau,0.0,14.9
2025-12-26,Mau,0.0,14.8
2025-12-27,Mau,0.0,14.5
2025-12-28,Mau,0.0,13.6
2025-12-29,Mau,0.0,13.4
2025-12-30,Mau,0.0,13.2
2025-12-23,Meerut,0.0,16.1
2025-12-24,Meerut,0.0,15.4
2025-12-25,Meerut,0.0,14.3
2025-12-26,Meerut,0.0,13.9
2025-12-27,Meerut,0.0,13.5
2025-12-28,Meerut,0.0,12.4
2025-12-29,Meerut,0.0,11.8
2025-12-30,Meerut,0.0,12.2
2025-12-23,Mumbai,50.2,25.5
2025-12-24,Mumbai,55.3,26.0
2025-12-25,Mumbai,48.2,25.5
2025-12-26,Mumbai,0.0,25.1
2025-12-27,Mumbai,0.0,25.4
2025-12-28,Mumbai,0.0,25.4
2025-12-29,Mumbai,0.0,25.1
2025-12-30,Mumbai,44.372634111773706,24.1
2025-12-23,Muzaffarnagar,0.0,15.8
2025-12-24,Muzaffarnagar,0.0,15.6
2025-12-25,Muzaffarnagar,0.0,13.9
2025-12-26,Muzaffarnagar,0.0,14.0
2025-12-27,Muzaffarnagar,0.0,13.4
2025-12-28,Muzaffarnagar,0.0,12.8
2025-12-29,Muzaffarnagar,0.0,11.8
2025-12-30,Muzaffarnagar,0.0,11.8
2025-12-23,Muzaffarpur,0.0,14.9
2025-12-24,Muzaffarpur,0.0,15.6
2025-12-25,Muzaffarpur,0.0,15.2
2025-12-26,Muzaffarpur,0.0,14.5
2025-12-27,Muzaffarpur,0.0,14.1
2025-12-28,Muzaffarpur,0.0,14.2
2025-12-29,Muzaffarpur,0.0,13.6
2025-12-30,Muzaffarpur,0.0,12.8
2025-12-23,Mysore,0.0,20.2
2025-12-24,Mysore,0.0,20.4
2025-12-25,Mysore,0.0,20.6
2025-12-26,Mysore,0.0,20.0
2025-12-27,Mysore,0.0,21.0
2025-12-28,Mysore,0.0,20.7
2025-12-29,Mysore,0.0,21.7
2025-12-30,Mysore,0.0,22.9
2025-12-23,Nagercoil,0.0,28.5
2025-12-24,Nagercoil,0.0,28.5
2025-12-25,Nagercoil,0.0,28.0
2025-12-26,Nagercoil,0.1,28.3
2025-12-27,Nagercoil,0.0,28.0
2025-12-28,Nagercoil,0.0,28.5
2025-12-29,Nagercoil,0.0,28.6
2025-12-30,Nagercoil,0.0,28.4
2025-12-23,Nagpur,0.0,18.6
2025-12-24,Nagpur,0.0,18.1
2025-12-25,Nagpur,0.0,19.1
2025-12-26,Nagpur,0.0,18.8
2025-12-27,Nagpur,0.0,19.1
2025-12-28,Nagpur,0.0,18.4
2025-12-29,Nagpur,0.0,18.5
2025-12-30,Nagpur,0.0,17.8
2025-12-23,Namakkal,0.0,24.4
2025-12-24,Namakkal,0.0,24.8
2025-12-25,Namakkal,0.0,25.0
2025-12-26,Namakkal,0.0,25.6
2025-12-27,Namakkal,0.0,24.6
2025-12-28,Namakkal,0.0,24.2
2025-12-29,Namakkal,0.0,24.8
2025-12-30,Namakkal,0.0,25.2
2025-12-23,Nanded,0.0,20.4
2025-12-24,Nanded,0.0,20.1
2025-12-25,Nanded,0.0,19.5
2025-12-26,Nanded,0.0,19.5
2025-12-27,Nanded,0.0,20.2
2025-12-28,Nanded,0.0,20.0
2025-12-29,Nanded,0.0,20.3
2025-12-30,Nanded,0.0,20.9
2025-12-23,Nashik,53.8,20.9
2025-12-24,Nashik,0.0,20.2
2025-12-25,Nashik,51.0,20.1
2025-12-26,Nashik,0.0,19.7
2025-12-27,Nashik,0.0,20.1
2025-12-28,Nashik,0.0,19.9
2025-12-29,Nashik,0.0,19.6
2025-12-30,Nashik,0.0,20.3
2025-12-23,Navi Mumbai,0.0,25.4
2025-12-24,Navi Mumbai,0.0,26.0
2025-12-25,Navi Mumbai,0.0,25.2
2025-12-26,Navi Mumbai,0.0,24.8
2025-12-27,Navi Mumbai,0.0,25.2
2025-12-28,Navi Mumbai,0.0,25.2
2025-12-29,Navi Mumbai,0.0,24.8
2025-12-30,Navi Mumbai,0.0,23.8
2025-12-23,Nizamabad,0.0,19.3
2025-12-24,Nizamabad,0.0,19.3
2025-12-25,Nizamabad,0.0,18.2
2025-12-26,Nizamabad,0.0,18.8
2025-12-27,Nizamabad,0.0,18.5
2025-12-28,Nizamabad,0.0,18.6
2025-12-29,Nizamabad,0.0,18.9
2025-12-30,Nizamabad,0.0,19.8
2025-12-23,Noida,0.0,16.8
2025-12-24,Noida,0.0,16.1
2025-12-25,Noida,0.0,15.0
2025-12-26,Noida,0.0,14.8
2025-12-27,Noida,0.0,14.8
2025-12-28,Noida,0.0,14.0
2025-12-29,Noida,0.0,12.8
2025-12-30,Noida,0.0,14.3
2025-12-23,Osmanabad,0.0,21.1
2025-12-24,Osmanabad,0.0,21.1
2025-12-25,Osmanabad,0.0,20.4
2025-12-26,Osmanabad,0.0,20.6
2025-12-27,Osmanabad,0.0,20.9
2025-12-28,Osmanabad,0.0,20.4
2025-12-29,Osmanabad,0.0,20.5
2025-12-30,Osmanabad,0.0,20.6
2025-12-23,Panipat,0.0,16.1
2025-12-24,Panipat,0.0,15.3
2025-12-25,Panipat,0.0,13.8
2025-12-26,Panipat,0.0,14.2
2025-12-27,Panipat,0.0,12.9
2025-12-28,Panipat,0.0,12.4
2025-12-29,Panipat,0.0,11.6
2025-12-30,Panipat,0.0,12.6
2025-12-23,Parbhani,0.0,19.7
2025-12-24,Parbhani,0.0,19.9
2025-12-25,Parbhani,0.0,19.1
2025-12-26,Parbhani,0.0,19.3
2025-12-27,Parbhani,0.0,19.9
2025-12-28,Parbhani,0.0,19.5
2025-12-29,Parbhani,0.0,19.5
2025-12-30,Parbhani,0.0,20.0
2025-12-23,Patiala,0.0,15.6
2025-12-24,Patiala,0.0,15.3
2025-12-25,Patiala,0.0,13.7
2025-12-26,Patiala,0.0,13.6
2025-12-27,Patiala,0.0,13.1
2025-12-28,Patiala,0.0,12.5
2025-12-29,Patiala,0.0,11.0
2025-12-30,Patiala,0.0,11.4
2025-12-23,Patna,0.0,15.1
2025-12-24,Patna,0.0,16.0
2025-12-25,Patna,0.0,16.2
2025-12-26,Patna,0.0,15.3
2025-12-27,Patna,0.0,14.2
2025-12-28,Patna,0.0,14.4
2025-12-29,Patna,0.0,13.8
2025-12-30,Patna,0.0,13.8
2025-12-23,Pune,41.1,20.9
2025-12-24,Pune,0.0,21.7
2025-12-25,Pune,0.0,20.5
2025-12-26,Pune,0.0,20.6
2025-12-27,Pune,0.0,20.6
2025-12-28,Pune,37.4,20.5
2025-12-29,Pune,0.0,20.4
2025-12-30,Pune,0.0,21.5
2025-12-23,Purnia,0.0,15.3
2025-12-24,Purnia,0.0,15.5
2025-12-25,Purnia,0.0,15.8
2025-12-26,Purnia,0.0,15.8
2025-12-27,Purnia,0.0,15.5
2025-12-28,Purnia,0.0,14.5
2025-12-29,Purnia,0.0,14.1
2025-12-30,Purnia,0.0,13.7
2025-12-23,Raichur,0.0,22.4
2025-12-24,Raichur,0.0,21.9
2025-12-25,Raichur,0.0,22.1
2025-12-26,Raichur,0.0,22.0
2025-12-27,Raichur,0.0,22.3
2025-12-28,Raichur,0.0,21.9
2025-12-29,Raichur,0.0,22.1
2025-12-30,Raichur,0.0,22.5
2025-12-23,Raipur,48.5,19.0
2025-12-24,Raipur,41.4,19.7
2025-12-25,Raipur,0.0,19.6
2025-12-26,Raipur,0.0,19.2
2025-12-27,Raipur,0.0,19.4
2025-12-28,Raipur,0.0,18.9
2025-12-29,Raipur,0.0,18.9
2025-12-30,Raipur,52.6,19.2
2025-12-23,Rajkot,0.0,23.8
2025-12-24,Rajkot,0.0,23.4
2025-12-25,Rajkot,0.0,23.3
2025-12-26,Rajkot,0.0,22.9
2025-12-27,Rajkot,0.0,22.9
2025-12-28,Rajkot,0.0,23.1
2025-12-29,Rajkot,0.0,23.2
2025-12-30,Rajkot,0.0,22.9
2025-12-23,Ramanagara,0.0,21.2
2025-12-24,Ramanagara,0.0,21.9
2025-12-25,Ramanagara,0.0,21.9
2025-12-26,Ramanagara,0.0,22.1
2025-12-27,Ramanagara,0.0,22.4
2025-12-28,Ramanagara,0.0,22.0
2025-12-29,Ramanagara,0.0,22.6
2025-12-30,Ramanagara,0.0,23.1
2025-12-23,Rampur,0.0,14.6
2025-12-24,Rampur,0.0,15.7
2025-12-25,Rampur,0.0,14.6
2025-12-26,Rampur,0.0,14.2
2025-12-27,Rampur,0.0,13.4
2025-12-28,Rampur,0.0,14.2
2025-12-29,Rampur,0.0,13.6
2025-12-30,Rampur,0.0,13.1
2025-12-23,Ratlam,0.0,19.2
2025-12-24,Ratlam,0.0,18.5
2025-12-25,Ratlam,0.0,18.7
2025-12-26,Ratlam,0.0,17.4
2025-12-27,Ratlam,0.0,17.3
2025-12-28,Ratlam,0.0,17.5
2025-12-29,Ratlam,0.0,17.9
2025-12-30,Ratlam,0.0,17.7
2025-12-23,Rohtak,0.0,15.9
2025-12-24,Rohtak,0.0,15.1
2025-12-25,Rohtak,0.0,14.0
2025-12-26,Rohtak,0.0,14.2
2025-12-27,Rohtak,0.0,13.4
2025-12-28,Rohtak,0.0,12.9
2025-12-29,Rohtak,0.0,12.6
2025-12-30,Rohtak,0.0,13.5
2025-12-23,Rourkela,0.0,18.6
2025-12-24,Rourkela,0.0,19.1
2025-12-25,Rourkela,0.0,18.4
2025-12-26,Rourkela,0.0,18.3
2025-12-27,Rourkela,0.0,18.1
2025-12-28,Rourkela,0.0,18.0
2025-12-29,Rourkela,0.0,18.6
2025-12-30,Rourkela,0.0,18.8
2025-12-23,Sagar,0.0,17.8
2025-12-24,Sagar,0.0,18.4
2025-12-25,Sagar,0.0,16.6
2025-12-26,Sagar,0.0,16.1
2025-12-27,Sagar,0.0,15.3
2025-12-28,Sagar,0.0,15.2
2025-12-29,Sagar,0.0,16.3
2025-12-30,Sagar,0.0,16.7
2025-12-23,Salem,0.0,23.9
2025-12-24,Salem,0.0,24.8
2025-12-25,Salem,0.0,24.8
2025-12-26,Salem,0.2,25.4
2025-12-27,Salem,0.0,24.3
2025-12-28,Salem,0.0,24.2
2025-12-29,Salem,0.0,24.8
2025-12-30,Salem,0.0,25.0
2025-12-23,Sambalpur,0.0,19.7
2025-12-24,Sambalpur,0.0,20.6
2025-12-25,Sambalpur,0.0,21.1
2025-12-26,Sambalpur,0.0,20.1
2025-12-27,Sambalpur,0.0,20.1
2025-12-28,Sambalpur,0.0,19.9
2025-12-29,Sambalpur,0.0,20.2
2025-12-30,Sambalpur,0.0,20.3
2025-12-23,Sangli,0.0,21.6
2025-12-24,Sangli,0.0,21.9
2025-12-25,Sangli,0.0,21.5
2025-12-26,Sangli,0.0,21.4
2025-12-27,Sangli,0.0,22.2
2025-12-28,Sangli,0.0,21.8
2025-12-29,Sangli,0.0,21.9
2025-12-30,Sangli,0.0,22.5
2025-12-23,Satara,0.0,20.2
2025-12-24,Satara,0.0,20.2
2025-12-25,Satara,0.0,19.4
2025-12-26,Satara,0.0,19.6
2025-12-27,Satara,0.0,19.7
2025-12-28,Satara,0.0,19.7
2025-12-29,Satara,0.0,19.7
2025-12-30,Satara,0.0,21.1
2025-12-23,Satna,0.0,16.2
2025-12-24,Satna,0.0,17.0
2025-12-25,Satna,0.0,16.1
2025-12-26,Satna,0.0,15.4
2025-12-27,Satna,0.0,14.6
2025-12-28,Satna,0.0,14.7
2025-12-29,Satna,0.0,14.6
2025-12-30,Satna,0.0,16.1
2025-12-23,Shahjahanpur,0.0,14.7
2025-12-24,Shahjahanpur,0.0,15.4
2025-12-25,Shahjahanpur,0.0,14.9
2025-12-26,Shahjahanpur,0.0,14.8
2025-12-27,Shahjahanpur,0.0,13.8
2025-12-28,Shahjahanpur,0.0,14.0
2025-12-29,Shahjahanpur,0.0,13.5
2025-12-30,Shahjahanpur,0.0,13.3
2025-12-23,Shivamogga,0.0,20.8
2025-12-24,Shivamogga,0.0,20.4
2025-12-25,Shivamogga,0.0,20.9
2025-12-26,Shivamogga,0.0,20.4
2025-12-27,Shivamogga,0.0,22.0
2025-12-28,Shivamogga,0.0,20.9
2025-12-29,Shivamogga,0.0,22.1
2025-12-30,Shivamogga,0.0,22.8
2025-12-23,Sivakasi,0.0,22.9
2025-12-24,Sivakasi,0.0,24.8
2025-12-25,Sivakasi,0.0,24.4
2025-12-26,Sivakasi,1.9,23.3
2025-12-27,Sivakasi,0.2,24.5
2025-12-28,Sivakasi,0.2,24.3
2025-12-29,Sivakasi,0.2,25.2
2025-12-30,Sivakasi,0.0,24.9
2025-12-23,Solapur,0.0,22.2
2025-12-24,Solapur,0.0,21.6
2025-12-25,Solapur,0.0,20.7
2025-12-26,Solapur,0.0,21.1
2025-12-27,Solapur,0.0,21.6
2025-12-28,Solapur,0.0,21.1
2025-12-29,Solapur,0.0,21.4
2025-12-30,Solapur,0.0,22.1
2025-12-23,Sonipat,0.0,15.8
2025-12-24,Sonipat,0.0,15.0
2025-12-25,Sonipat,0.0,13.8
2025-12-26,Sonipat,0.0,14.3
2025-12-27,Sonipat,0.0,13.4
2025-12-28,Sonipat,0.0,12.7
2025-12-29,Sonipat,0.0,11.9
2025-12-30,Sonipat,0.0,12.8
2025-12-23,Srinagar,0.0,5.1
2025-12-24,Srinagar,0.0,6.3
2025-12-25,Srinagar,0.0,5.5
2025-12-26,Srinagar,0.0,6.1
2025-12-27,Srinagar,0.0,5.1
2025-12-28,Srinagar,0.0,5.8
2025-12-29,Srinagar,0.2,7.0
2025-12-30,Srinagar,2.3,5.3
2025-12-23,Surat,44.9,25.5
2025-12-24,Surat,0.0,24.6
2025-12-25,Surat,0.0,24.1
2025-12-26,Surat,37.6,24.2
2025-12-27,Surat,0.0,24.2
2025-12-28,Surat,0.0,24.4
2025-12-29,Surat,0.0,24.0
2025-12-30,Surat,0.0,23.8
2025-12-23,Thane,0.0,25.0
2025-12-24,Thane,0.0,25.7
2025-12-25,Thane,0.0,25.1
2025-12-26,Thane,0.0,24.8
2025-12-27,Thane,0.0,25.2
2025-12-28,Thane,0.0,25.0
2025-12-29,Thane,0.0,24.8
2025-12-30,Thane,0.0,23.5
2025-12-23,Theni,0.0,22.9
2025-12-24,Theni,0.0,24.8
2025-12-25,Theni,0.3,24.6
2025-12-26,Theni,0.2,22.9
2025-12-27,Theni,0.7,24.8
2025-12-28,Theni,0.0,24.2
2025-12-29,Theni,0.9,24.9
2025-12-30,Theni,0.0,25.3
2025-12-23,Thiruvananthapuram,0.0,27.1
2025-12-24,Thiruvananthapuram,0.4,27.0
2025-12-25,Thiruvananthapuram,1.2,27.0
2025-12-26,Thiruvananthapuram,0.1,27.0
2025-12-27,Thiruvananthapuram,0.3,27.2
2025-12-28,Thiruvananthapuram,1.5,26.8
2025-12-29,Thiruvananthapuram,0.9,27.1
2025-12-30,Thiruvananthapuram,1.3,27.0
2025-12-23,Thoothukudi,0.0,25.5
2025-12-24,Thoothukudi,0.0,27.0
2025-12-25,Thoothukudi,0.0,26.6
2025-12-26,Thoothukudi,0.0,26.1
2025-12-27,Thoothukudi,0.0,26.6
2025-12-28,Thoothukudi,0.0,26.9
2025-12-29,Thoothukudi,0.0,27.2
2025-12-30,Thoothukudi,0.0,28.0
2025-12-23,Thrissur,0.0,26.3
2025-12-24,Thrissur,0.0,27.4
2025-12-25,Thrissur,0.0,27.4
2025-12-26,Thrissur,0.0,27.1
2025-12-27,Thrissur,0.0,27.8
2025-12-28,Thrissur,0.0,28.5
2025-12-29,Thrissur,0.0,28.6
2025-12-30,Thrissur,0.0,27.5
2025-12-23,Tiruchirappalli,0.0,24.6
2025-12-24,Tiruchirappalli,0.0,24.8
2025-12-25,Tiruchirappalli,0.0,24.7
2025-12-26,Tiruchirappalli,0.1,25.6
2025-12-27,Tiruchirappalli,0.0,24.5
2025-12-28,Tiruchirappalli,0.0,25.1
2025-12-29,Tiruchirappalli,0.0,25.1
2025-12-30,Tiruchirappalli,0.0,25.6
2025-12-23,Tirunelveli,0.0,24.9
2025-12-24,Tirunelveli,0.2,26.6
2025-12-25,Tirunelveli,0.0,26.1
2025-12-26,Tirunelveli,0.3,25.4
2025-12-27,Tirunelveli,0.3,26.2
2025-12-28,Tirunelveli,0.1,26.6
2025-12-29,Tirunelveli,0.0,27.1
2025-12-30,Tirunelveli,0.1,27.7
2025-12-23,Tiruppur,0.0,24.2
2025-12-24,Tiruppur,0.0,24.2
2025-12-25,Tiruppur,0.0,23.9
2025-12-26,Tiruppur,0.4,24.5
2025-12-27,Tiruppur,0.0,24.4
2025-12-28,Tiruppur,0.0,24.0
2025-12-29,Tiruppur,0.1,24.5
2025-12-30,Tiruppur,0.0,25.5
2025-12-23,Tumakuru,0.0,19.8
2025-12-24,Tumakuru,0.0,20.0
2025-12-25,Tumakuru,0.0,20.4
2025-12-26,Tumakuru,0.0,20.7
2025-12-27,Tumakuru,0.0,20.9
2025-12-28,Tumakuru,0.0,20.3
2025-12-29,Tumakuru,0.0,20.9
2025-12-30,Tumakuru,0.0,21.5
2025-12-23,Tumkur,0.0,19.8
2025-12-24,Tumkur,0.0,20.0
2025-12-25,Tumkur,0.0,20.4
2025-12-26,Tumkur,0.0,20.7
2025-12-27,Tumkur,0.0,20.9
2025-12-28,Tumkur,0.0,20.3
2025-12-29,Tumkur,0.0,20.9
2025-12-30,Tumkur,0.0,21.5
2025-12-23,Udaipur,0.0,18.9
2025-12-24,Udaipur,0.0,18.1
2025-12-25,Udaipur,0.0,17.1
2025-12-26,Udaipur,0.0,16.9
2025-12-27,Udaipur,0.0,16.4
2025-12-28,Udaipur,0.0,15.8
2025-12-29,Udaipur,0.0,16.5
2025-12-30,Udaipur,0.0,16.5
2025-12-23,Vadodara,0.0,23.6
2025-12-24,Vadodara,0.0,22.8
2025-12-25,Vadodara,0.0,22.2
2025-12-26,Vadodara,0.0,22.5
2025-12-27,Vadodara,0.0,22.4
2025-12-28,Vadodara,0.0,22.6
2025-12-29,Vadodara,0.0,22.4
2025-12-30,Vadodara,0.0,22.4
2025-12-23,Varanasi,47.2,14.0
2025-12-24,Varanasi,54.5,16.2
2025-12-25,Varanasi,0.0,14.7
2025-12-26,Varanasi,0.0,13.9
2025-12-27,Varanasi,0.0,14.8
2025-12-28,Varanasi,0.0,13.3
2025-12-29,Varanasi,0.0,13.9
2025-12-30,Varanasi,0.0,12.9
2025-12-23,Vasai,0.0,25.8
2025-12-24,Vasai,0.0,25.8
2025-12-25,Vasai,0.0,25.2
2025-12-26,Vasai,0.0,25.0
2025-12-27,Vasai,0.0,25.2
2025-12-28,Vasai,0.0,25.1
2025-12-29,Vasai,0.0,25.0
2025-12-30,Vasai,0.0,24.2
2025-12-23,Vijayawada,0.0,23.8
2025-12-24,Vijayawada,0.0,23.1
2025-12-25,Vijayawada,0.0,23.0
2025-12-26,Vijayawada,0.0,22.9
2025-12-27,Vijayawada,0.0,24.2
2025-12-28,Vijayawada,0.0,22.9
2025-12-29,Vijayawada,0.0,23.0
2025-12-30,Vijayawada,0.0,23.1
2025-12-23,Virudhunagar,0.0,24.5
2025-12-24,Virudhunagar,0.0,25.7
2025-12-25,Virudhunagar,0.0,25.8
2025-12-26,Virudhunagar,0.1,25.6
2025-12-27,Virudhunagar,0.0,25.5
2025-12-28,Virudhunagar,0.0,25.9
2025-12-29,Virudhunagar,0.0,26.0
2025-12-30,Virudhunagar,0.0,26.5
2025-12-23,Visakhapatnam,0.0,22.0
2025-12-24,Visakhapatnam,0.0,21.8
2025-12-25,Visakhapatnam,0.0,21.9
2025-12-26,Visakhapatnam,0.0,22.2
2025-12-27,Visakhapatnam,0.0,22.6
2025-12-28,Visakhapatnam,0.0,22.2
2025-12-29,Visakhapatnam,0.0,21.9
2025-12-30,Visakhapatnam,0.0,22.4
2025-12-23,Warangal,0.0,21.6
2025-12-24,Warangal,0.0,21.4
2025-12-25,Warangal,0.0,21.5
2025-12-26,Warangal,0.0,20.4
2025-12-27,Warangal,0.0,20.6
2025-12-28,Warangal,0.0,21.6
2025-12-29,Warangal,0.0,21.8
2025-12-30,Warangal,0.0,22.2
